"TIME","GEO","AGE","CITIZEN","UNIT","Value","Flag and Footnotes"
"2010","Andorra","Total","Total","Number","828",""
"2010","Andorra","Total","Reporting country","Number","280",""
"2010","Andorra","Total","Foreign country","Number","548",""
"2010","Austria","Total","Total","Number","78 742",""
"2010","Austria","Total","Reporting country","Number","59 966",""
"2010","Austria","Total","Foreign country","Number","18 776",""
"2010","Azerbaijan","Total","Total","Number",":",""
"2010","Azerbaijan","Total","Reporting country","Number",":",""
"2010","Azerbaijan","Total","Foreign country","Number",":",""
"2010","Bosnia and Herzegovina","Total","Total","Number","33 528",""
"2010","Bosnia and Herzegovina","Total","Reporting country","Number","33 191",""
"2010","Bosnia and Herzegovina","Total","Foreign country","Number","284",""
"2010","Belgium","Total","Total","Number","130 100",""
"2010","Belgium","Total","Reporting country","Number","103 346",""
"2010","Belgium","Total","Foreign country","Number","26 414",""
"2010","Bulgaria","Total","Total","Number","75 513",""
"2010","Bulgaria","Total","Reporting country","Number","74 646",""
"2010","Bulgaria","Total","Foreign country","Number","849",""
"2010","Switzerland","Total","Total","Number","80 290",""
"2010","Switzerland","Total","Reporting country","Number","50 592",""
"2010","Switzerland","Total","Foreign country","Number","29 440",""
"2010","Cyprus","Total","Total","Number","9 801",""
"2010","Cyprus","Total","Reporting country","Number","6 818",""
"2010","Cyprus","Total","Foreign country","Number","2 958",""
"2010","Czechia","Total","Total","Number","117 153",""
"2010","Czechia","Total","Reporting country","Number","114 119",""
"2010","Czechia","Total","Foreign country","Number","3 034",""
"2010","Germany including former GDR","Total","Total","Number","677 947",""
"2010","Germany including former GDR","Total","Reporting country","Number","564 467",""
"2010","Germany including former GDR","Total","Foreign country","Number","113 480",""
"2010","Denmark","Total","Total","Number","63 411",""
"2010","Denmark","Total","Reporting country","Number","56 224",""
"2010","Denmark","Total","Foreign country","Number","7 187",""
"2010","Estonia","Total","Total","Number","15 825",""
"2010","Estonia","Total","Reporting country","Number","14 340",""
"2010","Estonia","Total","Foreign country","Number","1 485",""
"2010","Greece","Total","Total","Number","114 766",""
"2010","Greece","Total","Reporting country","Number","93 192",""
"2010","Greece","Total","Foreign country","Number","21 574",""
"2010","Spain","Total","Total","Number","485 252",""
"2010","Spain","Total","Reporting country","Number","386 407",""
"2010","Spain","Total","Foreign country","Number","98 845",""
"2010","Finland","Total","Total","Number","60 980",""
"2010","Finland","Total","Reporting country","Number","57 156",""
"2010","Finland","Total","Foreign country","Number","3 738",""
"2010","France","Total","Total","Number",":",""
"2010","France","Total","Reporting country","Number",":",""
"2010","France","Total","Foreign country","Number",":",""
"2010","France (metropolitan)","Total","Total","Number",":",""
"2010","France (metropolitan)","Total","Reporting country","Number",":",""
"2010","France (metropolitan)","Total","Foreign country","Number",":",""
"2010","Georgia","Total","Total","Number",":",""
"2010","Georgia","Total","Reporting country","Number",":",""
"2010","Georgia","Total","Foreign country","Number",":",""
"2010","Croatia","Total","Total","Number","43 361",""
"2010","Croatia","Total","Reporting country","Number","42 618",""
"2010","Croatia","Total","Foreign country","Number","483",""
"2010","Hungary","Total","Total","Number","90 335",""
"2010","Hungary","Total","Reporting country","Number","87 863",""
"2010","Hungary","Total","Foreign country","Number","2 470",""
"2010","Ireland","Total","Total","Number",":",""
"2010","Ireland","Total","Reporting country","Number",":",""
"2010","Ireland","Total","Foreign country","Number",":",""
"2010","Iceland","Total","Total","Number","4 907",""
"2010","Iceland","Total","Reporting country","Number","4 328",""
"2010","Iceland","Total","Foreign country","Number","579",""
"2010","Italy","Total","Total","Number","561 944",""
"2010","Italy","Total","Reporting country","Number","462 632",""
"2010","Italy","Total","Foreign country","Number","99 312",""
"2010","Liechtenstein","Total","Total","Number","329",""
"2010","Liechtenstein","Total","Reporting country","Number","169",""
"2010","Liechtenstein","Total","Foreign country","Number","160",""
"2010","Lithuania","Total","Total","Number","30 676",""
"2010","Lithuania","Total","Reporting country","Number","30 312",""
"2010","Lithuania","Total","Foreign country","Number","345",""
"2010","Luxembourg","Total","Total","Number","5 874",""
"2010","Luxembourg","Total","Reporting country","Number","2 126",""
"2010","Luxembourg","Total","Foreign country","Number","3 743",""
"2010","Latvia","Total","Total","Number","19 781",""
"2010","Latvia","Total","Reporting country","Number","18 283",""
"2010","Latvia","Total","Foreign country","Number","1 470",""
"2010","Moldova","Total","Total","Number",":",""
"2010","Moldova","Total","Reporting country","Number",":",""
"2010","Moldova","Total","Foreign country","Number",":",""
"2010","Montenegro","Total","Total","Number","7 418",""
"2010","Montenegro","Total","Reporting country","Number","6 218",""
"2010","Montenegro","Total","Foreign country","Number","564",""
"2010","North Macedonia","Total","Total","Number","24 296",""
"2010","North Macedonia","Total","Reporting country","Number","23 449",""
"2010","North Macedonia","Total","Foreign country","Number","759",""
"2010","Malta","Total","Total","Number","3 898",""
"2010","Malta","Total","Reporting country","Number","3 634",""
"2010","Malta","Total","Foreign country","Number","264",""
"2010","Netherlands","Total","Total","Number","184 397",""
"2010","Netherlands","Total","Reporting country","Number","166 186",""
"2010","Netherlands","Total","Foreign country","Number","18 211",""
"2010","Norway","Total","Total","Number","61 442",""
"2010","Norway","Total","Reporting country","Number","51 411",""
"2010","Norway","Total","Foreign country","Number","9 910",""
"2010","Poland","Total","Total","Number",":",""
"2010","Poland","Total","Reporting country","Number",":",""
"2010","Poland","Total","Foreign country","Number",":",""
"2010","Portugal","Total","Total","Number","101 381",""
"2010","Portugal","Total","Reporting country","Number","90 595",""
"2010","Portugal","Total","Foreign country","Number","10 786",""
"2010","Romania","Total","Total","Number","212 199",""
"2010","Romania","Total","Reporting country","Number","212 162",""
"2010","Romania","Total","Foreign country","Number","37",""
"2010","Serbia","Total","Total","Number","68 304",""
"2010","Serbia","Total","Reporting country","Number","67 262",""
"2010","Serbia","Total","Foreign country","Number","566",""
"2010","Russia","Total","Total","Number",":",""
"2010","Russia","Total","Reporting country","Number",":",""
"2010","Russia","Total","Foreign country","Number",":",""
"2010","Sweden","Total","Total","Number","115 641",""
"2010","Sweden","Total","Reporting country","Number","99 367",""
"2010","Sweden","Total","Foreign country","Number","15 601",""
"2010","Slovenia","Total","Total","Number","22 343",""
"2010","Slovenia","Total","Reporting country","Number","21 105",""
"2010","Slovenia","Total","Foreign country","Number","1 235",""
"2010","Slovakia","Total","Total","Number","60 410",""
"2010","Slovakia","Total","Reporting country","Number","60 379",""
"2010","Slovakia","Total","Foreign country","Number","31",""
"2010","San Marino","Total","Total","Number",":",""
"2010","San Marino","Total","Reporting country","Number",":",""
"2010","San Marino","Total","Foreign country","Number",":",""
"2010","Turkey","Total","Total","Number",":",""
"2010","Turkey","Total","Reporting country","Number",":",""
"2010","Turkey","Total","Foreign country","Number",":",""
"2010","Ukraine","Total","Total","Number","497 689",""
"2010","Ukraine","Total","Reporting country","Number","490 604",""
"2010","Ukraine","Total","Foreign country","Number","5 250",""
"2010","United Kingdom","Total","Total","Number",":",""
"2010","United Kingdom","Total","Reporting country","Number",":",""
"2010","United Kingdom","Total","Foreign country","Number",":",""
"2010","Kosovo (under United Nations Security Council Resolution 1244/99)","Total","Total","Number",":",""
"2010","Kosovo (under United Nations Security Council Resolution 1244/99)","Total","Reporting country","Number",":",""
"2010","Kosovo (under United Nations Security Council Resolution 1244/99)","Total","Foreign country","Number",":",""
"2011","Andorra","Total","Total","Number","793",""
"2011","Andorra","Total","Reporting country","Number","262",""
"2011","Andorra","Total","Foreign country","Number","531",""
"2011","Austria","Total","Total","Number","78 109",""
"2011","Austria","Total","Reporting country","Number","59 220",""
"2011","Austria","Total","Foreign country","Number","18 889",""
"2011","Azerbaijan","Total","Total","Number",":",""
"2011","Azerbaijan","Total","Reporting country","Number",":",""
"2011","Azerbaijan","Total","Foreign country","Number",":",""
"2011","Bosnia and Herzegovina","Total","Total","Number",":",""
"2011","Bosnia and Herzegovina","Total","Reporting country","Number",":",""
"2011","Bosnia and Herzegovina","Total","Foreign country","Number",":",""
"2011","Belgium","Total","Total","Number","128 705",""
"2011","Belgium","Total","Reporting country","Number","101 172",""
"2011","Belgium","Total","Foreign country","Number","27 255",""
"2011","Bulgaria","Total","Total","Number","70 846",""
"2011","Bulgaria","Total","Reporting country","Number","70 073",""
"2011","Bulgaria","Total","Foreign country","Number","752",""
"2011","Switzerland","Total","Total","Number","80 808",""
"2011","Switzerland","Total","Reporting country","Number","50 384",""
"2011","Switzerland","Total","Foreign country","Number","30 125",""
"2011","Cyprus","Total","Total","Number","9 622",""
"2011","Cyprus","Total","Reporting country","Number","6 638",""
"2011","Cyprus","Total","Foreign country","Number","2 941",""
"2011","Czechia","Total","Total","Number","108 673",""
"2011","Czechia","Total","Reporting country","Number","105 714",""
"2011","Czechia","Total","Foreign country","Number","2 959",""
"2011","Germany including former GDR","Total","Total","Number","662 685",""
"2011","Germany including former GDR","Total","Reporting country","Number","550 327",""
"2011","Germany including former GDR","Total","Foreign country","Number","112 358",""
"2011","Denmark","Total","Total","Number","58 998",""
"2011","Denmark","Total","Reporting country","Number","51 944",""
"2011","Denmark","Total","Foreign country","Number","7 054",""
"2011","Estonia","Total","Total","Number","14 679",""
"2011","Estonia","Total","Reporting country","Number","13 222",""
"2011","Estonia","Total","Foreign country","Number","1 456",""
"2011","Greece","Total","Total","Number","106 428",""
"2011","Greece","Total","Reporting country","Number","87 426",""
"2011","Greece","Total","Foreign country","Number","19 002",""
"2011","Spain","Total","Total","Number","470 553",""
"2011","Spain","Total","Reporting country","Number","379 696",""
"2011","Spain","Total","Foreign country","Number","90 857",""
"2011","Finland","Total","Total","Number","59 961",""
"2011","Finland","Total","Reporting country","Number","55 967",""
"2011","Finland","Total","Foreign country","Number","3 889",""
"2011","France","Total","Total","Number",":",""
"2011","France","Total","Reporting country","Number",":",""
"2011","France","Total","Foreign country","Number",":",""
"2011","France (metropolitan)","Total","Total","Number",":",""
"2011","France (metropolitan)","Total","Reporting country","Number",":",""
"2011","France (metropolitan)","Total","Foreign country","Number",":",""
"2011","Georgia","Total","Total","Number",":",""
"2011","Georgia","Total","Reporting country","Number",":",""
"2011","Georgia","Total","Foreign country","Number",":",""
"2011","Croatia","Total","Total","Number","41 197",""
"2011","Croatia","Total","Reporting country","Number","40 259",""
"2011","Croatia","Total","Foreign country","Number","476",""
"2011","Hungary","Total","Total","Number","88 049",""
"2011","Hungary","Total","Reporting country","Number","85 685",""
"2011","Hungary","Total","Foreign country","Number","2 352",""
"2011","Ireland","Total","Total","Number",":",""
"2011","Ireland","Total","Reporting country","Number",":",""
"2011","Ireland","Total","Foreign country","Number",":",""
"2011","Iceland","Total","Total","Number","4 492",""
"2011","Iceland","Total","Reporting country","Number","3 964",""
"2011","Iceland","Total","Foreign country","Number","528",""
"2011","Italy","Total","Total","Number",":",""
"2011","Italy","Total","Reporting country","Number",":",""
"2011","Italy","Total","Foreign country","Number",":",""
"2011","Liechtenstein","Total","Total","Number","395",""
"2011","Liechtenstein","Total","Reporting country","Number","204",""
"2011","Liechtenstein","Total","Foreign country","Number","191",""
"2011","Lithuania","Total","Total","Number","30 268",""
"2011","Lithuania","Total","Reporting country","Number","29 881",""
"2011","Lithuania","Total","Foreign country","Number","373",""
"2011","Luxembourg","Total","Total","Number","5 639",""
"2011","Luxembourg","Total","Reporting country","Number","2 143",""
"2011","Luxembourg","Total","Foreign country","Number","3 490",""
"2011","Latvia","Total","Total","Number","18 825",""
"2011","Latvia","Total","Reporting country","Number","17 399",""
"2011","Latvia","Total","Foreign country","Number","1 401",""
"2011","Moldova","Total","Total","Number",":",""
"2011","Moldova","Total","Reporting country","Number",":",""
"2011","Moldova","Total","Foreign country","Number",":",""
"2011","Montenegro","Total","Total","Number","7 215",""
"2011","Montenegro","Total","Reporting country","Number","6 172",""
"2011","Montenegro","Total","Foreign country","Number","624",""
"2011","North Macedonia","Total","Total","Number","22 770",""
"2011","North Macedonia","Total","Reporting country","Number","21 894",""
"2011","North Macedonia","Total","Foreign country","Number","841",""
"2011","Malta","Total","Total","Number","4 165",""
"2011","Malta","Total","Reporting country","Number","3 730",""
"2011","Malta","Total","Foreign country","Number","259",""
"2011","Netherlands","Total","Total","Number","180 060",""
"2011","Netherlands","Total","Reporting country","Number","161 666",""
"2011","Netherlands","Total","Foreign country","Number","18 394",""
"2011","Norway","Total","Total","Number","60 220",""
"2011","Norway","Total","Reporting country","Number","49 571",""
"2011","Norway","Total","Foreign country","Number","10 512",""
"2011","Poland","Total","Total","Number",":",""
"2011","Poland","Total","Reporting country","Number",":",""
"2011","Poland","Total","Foreign country","Number",":",""
"2011","Portugal","Total","Total","Number","96 856",""
"2011","Portugal","Total","Reporting country","Number","86 853",""
"2011","Portugal","Total","Foreign country","Number","10 003",""
"2011","Romania","Total","Total","Number","196 242",""
"2011","Romania","Total","Reporting country","Number","196 211",""
"2011","Romania","Total","Foreign country","Number","31",""
"2011","Serbia","Total","Total","Number","65 598",""
"2011","Serbia","Total","Reporting country","Number","64 666",""
"2011","Serbia","Total","Foreign country","Number","561",""
"2011","Russia","Total","Total","Number",":",""
"2011","Russia","Total","Reporting country","Number",":",""
"2011","Russia","Total","Foreign country","Number",":",""
"2011","Sweden","Total","Total","Number","111 770",""
"2011","Sweden","Total","Reporting country","Number","95 399",""
"2011","Sweden","Total","Foreign country","Number","15 737",""
"2011","Slovenia","Total","Total","Number","21 947",""
"2011","Slovenia","Total","Reporting country","Number","20 566",""
"2011","Slovenia","Total","Foreign country","Number","1 381",""
"2011","Slovakia","Total","Total","Number","60 813",""
"2011","Slovakia","Total","Reporting country","Number","54 990",""
"2011","Slovakia","Total","Foreign country","Number","5 823",""
"2011","San Marino","Total","Total","Number",":",""
"2011","San Marino","Total","Reporting country","Number",":",""
"2011","San Marino","Total","Foreign country","Number",":",""
"2011","Turkey","Total","Total","Number",":",""
"2011","Turkey","Total","Reporting country","Number",":",""
"2011","Turkey","Total","Foreign country","Number",":",""
"2011","Ukraine","Total","Total","Number","502 595",""
"2011","Ukraine","Total","Reporting country","Number","495 361",""
"2011","Ukraine","Total","Foreign country","Number","5 452",""
"2011","United Kingdom","Total","Total","Number",":",""
"2011","United Kingdom","Total","Reporting country","Number",":",""
"2011","United Kingdom","Total","Foreign country","Number",":",""
"2011","Kosovo (under United Nations Security Council Resolution 1244/99)","Total","Total","Number",":",""
"2011","Kosovo (under United Nations Security Council Resolution 1244/99)","Total","Reporting country","Number",":",""
"2011","Kosovo (under United Nations Security Council Resolution 1244/99)","Total","Foreign country","Number",":",""
"2012","Andorra","Total","Total","Number","737",""
"2012","Andorra","Total","Reporting country","Number","254",""
"2012","Andorra","Total","Foreign country","Number","483",""
"2012","Austria","Total","Total","Number","78 952",""
"2012","Austria","Total","Reporting country","Number","59 493",""
"2012","Austria","Total","Foreign country","Number","19 459",""
"2012","Azerbaijan","Total","Total","Number",":",""
"2012","Azerbaijan","Total","Reporting country","Number",":",""
"2012","Azerbaijan","Total","Foreign country","Number",":",""
"2012","Bosnia and Herzegovina","Total","Total","Number","32 547",""
"2012","Bosnia and Herzegovina","Total","Reporting country","Number","32 249",""
"2012","Bosnia and Herzegovina","Total","Foreign country","Number","289",""
"2012","Belgium","Total","Total","Number","128 051",""
"2012","Belgium","Total","Reporting country","Number","99 952",""
"2012","Belgium","Total","Foreign country","Number","27 771",""
"2012","Bulgaria","Total","Total","Number","69 121",""
"2012","Bulgaria","Total","Reporting country","Number","68 456",""
"2012","Bulgaria","Total","Foreign country","Number","652",""
"2012","Switzerland","Total","Total","Number","82 164",""
"2012","Switzerland","Total","Reporting country","Number","50 829",""
"2012","Switzerland","Total","Foreign country","Number","30 972",""
"2012","Cyprus","Total","Total","Number","10 161",""
"2012","Cyprus","Total","Reporting country","Number","7 041",""
"2012","Cyprus","Total","Foreign country","Number","3 098",""
"2012","Czechia","Total","Total","Number","108 576",""
"2012","Czechia","Total","Reporting country","Number","102 831",""
"2012","Czechia","Total","Foreign country","Number","5 745",""
"2012","Germany including former GDR","Total","Total","Number","673 544",""
"2012","Germany including former GDR","Total","Reporting country","Number","558 782",""
"2012","Germany including former GDR","Total","Foreign country","Number","114 762",""
"2012","Denmark","Total","Total","Number","57 916",""
"2012","Denmark","Total","Reporting country","Number","50 731",""
"2012","Denmark","Total","Foreign country","Number","7 185",""
"2012","Estonia","Total","Total","Number","14 056",""
"2012","Estonia","Total","Reporting country","Number","12 627",""
"2012","Estonia","Total","Foreign country","Number","1 429",""
"2012","Greece","Total","Total","Number","100 371",""
"2012","Greece","Total","Reporting country","Number","84 851",""
"2012","Greece","Total","Foreign country","Number","15 520",""
"2012","Spain","Total","Total","Number","453 348",""
"2012","Spain","Total","Reporting country","Number","366 962",""
"2012","Spain","Total","Foreign country","Number","86 386",""
"2012","Finland","Total","Total","Number","59 493",""
"2012","Finland","Total","Reporting country","Number","55 238",""
"2012","Finland","Total","Foreign country","Number","4 141",""
"2012","France","Total","Total","Number",":",""
"2012","France","Total","Reporting country","Number",":",""
"2012","France","Total","Foreign country","Number",":",""
"2012","France (metropolitan)","Total","Total","Number",":",""
"2012","France (metropolitan)","Total","Reporting country","Number",":",""
"2012","France (metropolitan)","Total","Foreign country","Number",":",""
"2012","Georgia","Total","Total","Number",":",""
"2012","Georgia","Total","Reporting country","Number",":",""
"2012","Georgia","Total","Foreign country","Number",":",""
"2012","Croatia","Total","Total","Number","41 771",""
"2012","Croatia","Total","Reporting country","Number","40 855",""
"2012","Croatia","Total","Foreign country","Number","512",""
"2012","Hungary","Total","Total","Number","90 269",""
"2012","Hungary","Total","Reporting country","Number","88 187",""
"2012","Hungary","Total","Foreign country","Number","2 075",""
"2012","Ireland","Total","Total","Number",":",""
"2012","Ireland","Total","Reporting country","Number",":",""
"2012","Ireland","Total","Foreign country","Number",":",""
"2012","Iceland","Total","Total","Number","4 533",""
"2012","Iceland","Total","Reporting country","Number","3 975",""
"2012","Iceland","Total","Foreign country","Number","558",""
"2012","Italy","Total","Total","Number","534 186",""
"2012","Italy","Total","Reporting country","Number","432 577",""
"2012","Italy","Total","Foreign country","Number","101 609",""
"2012","Liechtenstein","Total","Total","Number","357",""
"2012","Liechtenstein","Total","Reporting country","Number","193",""
"2012","Liechtenstein","Total","Foreign country","Number","164",""
"2012","Lithuania","Total","Total","Number","30 459",""
"2012","Lithuania","Total","Reporting country","Number","30 090",""
"2012","Lithuania","Total","Foreign country","Number","359",""
"2012","Luxembourg","Total","Total","Number","6 026",""
"2012","Luxembourg","Total","Reporting country","Number","2 239",""
"2012","Luxembourg","Total","Foreign country","Number","3 773",""
"2012","Latvia","Total","Total","Number","19 897",""
"2012","Latvia","Total","Reporting country","Number","18 620",""
"2012","Latvia","Total","Foreign country","Number","1 263",""
"2012","Moldova","Total","Total","Number",":",""
"2012","Moldova","Total","Reporting country","Number",":",""
"2012","Moldova","Total","Foreign country","Number",":",""
"2012","Montenegro","Total","Total","Number","7 459",""
"2012","Montenegro","Total","Reporting country","Number","6 285",""
"2012","Montenegro","Total","Foreign country","Number","613",""
"2012","North Macedonia","Total","Total","Number","23 568",""
"2012","North Macedonia","Total","Reporting country","Number","22 813",""
"2012","North Macedonia","Total","Foreign country","Number","744",""
"2012","Malta","Total","Total","Number","4 130",""
"2012","Malta","Total","Reporting country","Number","3 648",""
"2012","Malta","Total","Foreign country","Number","238",""
"2012","Netherlands","Total","Total","Number","175 959",""
"2012","Netherlands","Total","Reporting country","Number","157 621",""
"2012","Netherlands","Total","Foreign country","Number","18 338",""
"2012","Norway","Total","Total","Number","60 255",""
"2012","Norway","Total","Reporting country","Number","49 165",""
"2012","Norway","Total","Foreign country","Number","10 961",""
"2012","Poland","Total","Total","Number",":",""
"2012","Poland","Total","Reporting country","Number",":",""
"2012","Poland","Total","Foreign country","Number",":",""
"2012","Portugal","Total","Total","Number","89 841",""
"2012","Portugal","Total","Reporting country","Number","81 080",""
"2012","Portugal","Total","Foreign country","Number","8 761",""
"2012","Romania","Total","Total","Number","201 104",""
"2012","Romania","Total","Reporting country","Number","201 056",""
"2012","Romania","Total","Foreign country","Number","48",""
"2012","Serbia","Total","Total","Number","67 257",""
"2012","Serbia","Total","Reporting country","Number","64 968",""
"2012","Serbia","Total","Foreign country","Number","682",""
"2012","Russia","Total","Total","Number",":",""
"2012","Russia","Total","Reporting country","Number",":",""
"2012","Russia","Total","Foreign country","Number",":",""
"2012","Sweden","Total","Total","Number","113 177",""
"2012","Sweden","Total","Reporting country","Number","96 430",""
"2012","Sweden","Total","Foreign country","Number","16 159",""
"2012","Slovenia","Total","Total","Number","21 938",""
"2012","Slovenia","Total","Reporting country","Number","20 396",""
"2012","Slovenia","Total","Foreign country","Number","1 542",""
"2012","Slovakia","Total","Total","Number","55 535",""
"2012","Slovakia","Total","Reporting country","Number","55 479",""
"2012","Slovakia","Total","Foreign country","Number","56",""
"2012","San Marino","Total","Total","Number","292",""
"2012","San Marino","Total","Reporting country","Number","187",""
"2012","San Marino","Total","Foreign country","Number","91",""
"2012","Turkey","Total","Total","Number",":",""
"2012","Turkey","Total","Reporting country","Number",":",""
"2012","Turkey","Total","Foreign country","Number",":",""
"2012","Ukraine","Total","Total","Number","520 705",""
"2012","Ukraine","Total","Reporting country","Number","513 263",""
"2012","Ukraine","Total","Foreign country","Number","5 680",""
"2012","United Kingdom","Total","Total","Number",":",""
"2012","United Kingdom","Total","Reporting country","Number",":",""
"2012","United Kingdom","Total","Foreign country","Number",":",""
"2012","Kosovo (under United Nations Security Council Resolution 1244/99)","Total","Total","Number",":",""
"2012","Kosovo (under United Nations Security Council Resolution 1244/99)","Total","Reporting country","Number",":",""
"2012","Kosovo (under United Nations Security Council Resolution 1244/99)","Total","Foreign country","Number",":",""
"2013","Andorra","Total","Total","Number",":",""
"2013","Andorra","Total","Reporting country","Number",":",""
"2013","Andorra","Total","Foreign country","Number",":",""
"2013","Austria","Total","Total","Number","79 330",""
"2013","Austria","Total","Reporting country","Number","59 160",""
"2013","Austria","Total","Foreign country","Number","20 133",""
"2013","Azerbaijan","Total","Total","Number","172 671",""
"2013","Azerbaijan","Total","Reporting country","Number","171 634",""
"2013","Azerbaijan","Total","Foreign country","Number","1 037",""
"2013","Bosnia and Herzegovina","Total","Total","Number",":",""
"2013","Bosnia and Herzegovina","Total","Reporting country","Number",":",""
"2013","Bosnia and Herzegovina","Total","Foreign country","Number",":",""
"2013","Belgium","Total","Total","Number","125 606",""
"2013","Belgium","Total","Reporting country","Number","97 907",""
"2013","Belgium","Total","Foreign country","Number","26 422",""
"2013","Bulgaria","Total","Total","Number","66 578",""
"2013","Bulgaria","Total","Reporting country","Number","66 007",""
"2013","Bulgaria","Total","Foreign country","Number","549",""
"2013","Switzerland","Total","Total","Number","82 731",""
"2013","Switzerland","Total","Reporting country","Number","50 715",""
"2013","Switzerland","Total","Foreign country","Number","31 536",""
"2013","Cyprus","Total","Total","Number","9 341",""
"2013","Cyprus","Total","Reporting country","Number","6 728",""
"2013","Cyprus","Total","Foreign country","Number","2 562",""
"2013","Czechia","Total","Total","Number","106 751",""
"2013","Czechia","Total","Reporting country","Number","100 842",""
"2013","Czechia","Total","Foreign country","Number","5 909",""
"2013","Germany including former GDR","Total","Total","Number","682 069",""
"2013","Germany including former GDR","Total","Reporting country","Number","562 263",""
"2013","Germany including former GDR","Total","Foreign country","Number","117 889",""
"2013","Denmark","Total","Total","Number","55 873",""
"2013","Denmark","Total","Reporting country","Number","48 338",""
"2013","Denmark","Total","Foreign country","Number","7 462",""
"2013","Estonia","Total","Total","Number","13 531",""
"2013","Estonia","Total","Reporting country","Number","12 181",""
"2013","Estonia","Total","Foreign country","Number","665",""
"2013","Greece","Total","Total","Number","94 134",""
"2013","Greece","Total","Reporting country","Number","80 927",""
"2013","Greece","Total","Foreign country","Number","13 194",""
"2013","Spain","Total","Total","Number","424 440",""
"2013","Spain","Total","Reporting country","Number","346 373",""
"2013","Spain","Total","Foreign country","Number","78 067",""
"2013","Finland","Total","Total","Number","58 134",""
"2013","Finland","Total","Reporting country","Number","53 708",""
"2013","Finland","Total","Foreign country","Number","4 308",""
"2013","France","Total","Total","Number","812 343",""
"2013","France","Total","Reporting country","Number","693 107",""
"2013","France","Total","Foreign country","Number","119 236",""
"2013","France (metropolitan)","Total","Total","Number",":",""
"2013","France (metropolitan)","Total","Reporting country","Number",":",""
"2013","France (metropolitan)","Total","Foreign country","Number",":",""
"2013","Georgia","Total","Total","Number",":",""
"2013","Georgia","Total","Reporting country","Number",":",""
"2013","Georgia","Total","Foreign country","Number",":",""
"2013","Croatia","Total","Total","Number","39 939",""
"2013","Croatia","Total","Reporting country","Number","39 181",""
"2013","Croatia","Total","Foreign country","Number","527",""
"2013","Hungary","Total","Total","Number","89 524",""
"2013","Hungary","Total","Reporting country","Number","88 443",""
"2013","Hungary","Total","Foreign country","Number","1 075",""
"2013","Ireland","Total","Total","Number","68 954",""
"2013","Ireland","Total","Reporting country","Number","52 999",""
"2013","Ireland","Total","Foreign country","Number","15 469",""
"2013","Iceland","Total","Total","Number","4 326",""
"2013","Iceland","Total","Reporting country","Number","3 812",""
"2013","Iceland","Total","Foreign country","Number","511",""
"2013","Italy","Total","Total","Number","514 308",""
"2013","Italy","Total","Reporting country","Number","415 488",""
"2013","Italy","Total","Foreign country","Number","98 803",""
"2013","Liechtenstein","Total","Total","Number","339",""
"2013","Liechtenstein","Total","Reporting country","Number","175",""
"2013","Liechtenstein","Total","Foreign country","Number","164",""
"2013","Lithuania","Total","Total","Number","29 885",""
"2013","Lithuania","Total","Reporting country","Number","29 516",""
"2013","Lithuania","Total","Foreign country","Number","358",""
"2013","Luxembourg","Total","Total","Number","6 115",""
"2013","Luxembourg","Total","Reporting country","Number","2 280",""
"2013","Luxembourg","Total","Foreign country","Number","3 827",""
"2013","Latvia","Total","Total","Number","20 596",""
"2013","Latvia","Total","Reporting country","Number","19 208",""
"2013","Latvia","Total","Foreign country","Number","1 369",""
"2013","Moldova","Total","Total","Number",":",""
"2013","Moldova","Total","Reporting country","Number",":",""
"2013","Moldova","Total","Foreign country","Number",":",""
"2013","Montenegro","Total","Total","Number","7 475",""
"2013","Montenegro","Total","Reporting country","Number","6 273",""
"2013","Montenegro","Total","Foreign country","Number","779",""
"2013","North Macedonia","Total","Total","Number","23 138",""
"2013","North Macedonia","Total","Reporting country","Number","22 284",""
"2013","North Macedonia","Total","Foreign country","Number","849",""
"2013","Malta","Total","Total","Number","4 032",""
"2013","Malta","Total","Reporting country","Number","3 553",""
"2013","Malta","Total","Foreign country","Number","479",""
"2013","Netherlands","Total","Total","Number","171 341",""
"2013","Netherlands","Total","Reporting country","Number","153 470",""
"2013","Netherlands","Total","Foreign country","Number","15 315",""
"2013","Norway","Total","Total","Number","58 878",""
"2013","Norway","Total","Reporting country","Number","47 226",""
"2013","Norway","Total","Foreign country","Number","11 543",""
"2013","Poland","Total","Total","Number","369 576",""
"2013","Poland","Total","Reporting country","Number","364 521",""
"2013","Poland","Total","Foreign country","Number","1 074",""
"2013","Portugal","Total","Total","Number","82 787",""
"2013","Portugal","Total","Reporting country","Number","75 382",""
"2013","Portugal","Total","Foreign country","Number","7 405",""
"2013","Romania","Total","Total","Number","188 599",""
"2013","Romania","Total","Reporting country","Number","188 559",""
"2013","Romania","Total","Foreign country","Number","37",""
"2013","Serbia","Total","Total","Number","65 554",""
"2013","Serbia","Total","Reporting country","Number","63 215",""
"2013","Serbia","Total","Foreign country","Number","596",""
"2013","Russia","Total","Total","Number","1 895 822",""
"2013","Russia","Total","Reporting country","Number","1 845 946",""
"2013","Russia","Total","Foreign country","Number","43 693",""
"2013","Sweden","Total","Total","Number","113 593",""
"2013","Sweden","Total","Reporting country","Number","96 323",""
"2013","Sweden","Total","Foreign country","Number","16 691",""
"2013","Slovenia","Total","Total","Number","21 111",""
"2013","Slovenia","Total","Reporting country","Number","19 408",""
"2013","Slovenia","Total","Foreign country","Number","1 703",""
"2013","Slovakia","Total","Total","Number","54 823",""
"2013","Slovakia","Total","Reporting country","Number","54 752",""
"2013","Slovakia","Total","Foreign country","Number","71",""
"2013","San Marino","Total","Total","Number",":",""
"2013","San Marino","Total","Reporting country","Number",":",""
"2013","San Marino","Total","Foreign country","Number",":",""
"2013","Turkey","Total","Total","Number",":",""
"2013","Turkey","Total","Reporting country","Number",":",""
"2013","Turkey","Total","Foreign country","Number",":",""
"2013","Ukraine","Total","Total","Number",":",""
"2013","Ukraine","Total","Reporting country","Number",":",""
"2013","Ukraine","Total","Foreign country","Number",":",""
"2013","United Kingdom","Total","Total","Number","778 358",""
"2013","United Kingdom","Total","Reporting country","Number","645 272",""
"2013","United Kingdom","Total","Foreign country","Number","133 059",""
"2013","Kosovo (under United Nations Security Council Resolution 1244/99)","Total","Total","Number",":",""
"2013","Kosovo (under United Nations Security Council Resolution 1244/99)","Total","Reporting country","Number",":",""
"2013","Kosovo (under United Nations Security Council Resolution 1244/99)","Total","Foreign country","Number",":",""
"2014","Andorra","Total","Total","Number",":",""
"2014","Andorra","Total","Reporting country","Number",":",""
"2014","Andorra","Total","Foreign country","Number",":",""
"2014","Austria","Total","Total","Number","81 722",""
"2014","Austria","Total","Reporting country","Number","60 029",""
"2014","Austria","Total","Foreign country","Number","21 607",""
"2014","Azerbaijan","Total","Total","Number","170 503",""
"2014","Azerbaijan","Total","Reporting country","Number","168 671",""
"2014","Azerbaijan","Total","Foreign country","Number","1 832",""
"2014","Bosnia and Herzegovina","Total","Total","Number",":",""
"2014","Bosnia and Herzegovina","Total","Reporting country","Number",":",""
"2014","Bosnia and Herzegovina","Total","Foreign country","Number",":",""
"2014","Belgium","Total","Total","Number","125 014",""
"2014","Belgium","Total","Reporting country","Number","96 635",""
"2014","Belgium","Total","Foreign country","Number","28 105",""
"2014","Bulgaria","Total","Total","Number","67 585",""
"2014","Bulgaria","Total","Reporting country","Number","66 992",""
"2014","Bulgaria","Total","Foreign country","Number","577",""
"2014","Switzerland","Total","Total","Number","85 287",""
"2014","Switzerland","Total","Reporting country","Number","51 630",""
"2014","Switzerland","Total","Foreign country","Number","33 235",""
"2014","Cyprus","Total","Total","Number","9 258",""
"2014","Cyprus","Total","Reporting country","Number","6 724",""
"2014","Cyprus","Total","Foreign country","Number","2 517",""
"2014","Czechia","Total","Total","Number","109 860",""
"2014","Czechia","Total","Reporting country","Number","103 702",""
"2014","Czechia","Total","Foreign country","Number","6 158",""
"2014","Germany including former GDR","Total","Total","Number","714 927",""
"2014","Germany including former GDR","Total","Reporting country","Number","584 301",""
"2014","Germany including former GDR","Total","Foreign country","Number","128 666",""
"2014","Denmark","Total","Total","Number","56 870",""
"2014","Denmark","Total","Reporting country","Number","48 612",""
"2014","Denmark","Total","Foreign country","Number","8 163",""
"2014","Estonia","Total","Total","Number","13 551",""
"2014","Estonia","Total","Reporting country","Number","12 197",""
"2014","Estonia","Total","Foreign country","Number","667",""
"2014","Greece","Total","Total","Number","92 149",""
"2014","Greece","Total","Reporting country","Number","79 964",""
"2014","Greece","Total","Foreign country","Number","12 173",""
"2014","Spain","Total","Total","Number","426 076",""
"2014","Spain","Total","Reporting country","Number","351 049",""
"2014","Spain","Total","Foreign country","Number","75 027",""
"2014","Finland","Total","Total","Number","57 232",""
"2014","Finland","Total","Reporting country","Number","52 554",""
"2014","Finland","Total","Foreign country","Number","4 532",""
"2014","France","Total","Total","Number","819 328",""
"2014","France","Total","Reporting country","Number","689 732",""
"2014","France","Total","Foreign country","Number","129 596",""
"2014","France (metropolitan)","Total","Total","Number",":",""
"2014","France (metropolitan)","Total","Reporting country","Number",":",""
"2014","France (metropolitan)","Total","Foreign country","Number",":",""
"2014","Georgia","Total","Total","Number","60 635",""
"2014","Georgia","Total","Reporting country","Number","59 640",""
"2014","Georgia","Total","Foreign country","Number","942",""
"2014","Croatia","Total","Total","Number","39 566",""
"2014","Croatia","Total","Reporting country","Number","38 897",""
"2014","Croatia","Total","Foreign country","Number","638",""
"2014","Hungary","Total","Total","Number","93 281",""
"2014","Hungary","Total","Reporting country","Number","91 905",""
"2014","Hungary","Total","Foreign country","Number","1 156",""
"2014","Ireland","Total","Total","Number","67 295",""
"2014","Ireland","Total","Reporting country","Number","52 308",""
"2014","Ireland","Total","Foreign country","Number","14 846",""
"2014","Iceland","Total","Total","Number","4 375",""
"2014","Iceland","Total","Reporting country","Number","3 869",""
"2014","Iceland","Total","Foreign country","Number","504",""
"2014","Italy","Total","Total","Number","502 596",""
"2014","Italy","Total","Reporting country","Number","405 269",""
"2014","Italy","Total","Foreign country","Number","97 302",""
"2014","Liechtenstein","Total","Total","Number","372",""
"2014","Liechtenstein","Total","Reporting country","Number","190",""
"2014","Liechtenstein","Total","Foreign country","Number","182",""
"2014","Lithuania","Total","Total","Number","30 369",""
"2014","Lithuania","Total","Reporting country","Number","29 944",""
"2014","Lithuania","Total","Foreign country","Number","414",""
"2014","Luxembourg","Total","Total","Number","6 070",""
"2014","Luxembourg","Total","Reporting country","Number","2 314",""
"2014","Luxembourg","Total","Foreign country","Number","3 743",""
"2014","Latvia","Total","Total","Number","21 746",""
"2014","Latvia","Total","Reporting country","Number","20 374",""
"2014","Latvia","Total","Foreign country","Number","1 370",""
"2014","Moldova","Total","Total","Number",":",""
"2014","Moldova","Total","Reporting country","Number",":",""
"2014","Moldova","Total","Foreign country","Number",":",""
"2014","Montenegro","Total","Total","Number","7 529",""
"2014","Montenegro","Total","Reporting country","Number","6 374",""
"2014","Montenegro","Total","Foreign country","Number","861",""
"2014","North Macedonia","Total","Total","Number","23 596",""
"2014","North Macedonia","Total","Reporting country","Number","22 674",""
"2014","North Macedonia","Total","Foreign country","Number","850",""
"2014","Malta","Total","Total","Number","4 191",""
"2014","Malta","Total","Reporting country","Number","3 555",""
"2014","Malta","Total","Foreign country","Number","636",""
"2014","Netherlands","Total","Total","Number","175 181",""
"2014","Netherlands","Total","Reporting country","Number","156 201",""
"2014","Netherlands","Total","Foreign country","Number","16 597",""
"2014","Norway","Total","Total","Number","58 976",""
"2014","Norway","Total","Reporting country","Number","46 995",""
"2014","Norway","Total","Foreign country","Number","11 884",""
"2014","Poland","Total","Total","Number","375 160",""
"2014","Poland","Total","Reporting country","Number","372 517",""
"2014","Poland","Total","Foreign country","Number","906",""
"2014","Portugal","Total","Total","Number","82 367",""
"2014","Portugal","Total","Reporting country","Number","75 147",""
"2014","Portugal","Total","Foreign country","Number","7 200",""
"2014","Romania","Total","Total","Number","198 740",""
"2014","Romania","Total","Reporting country","Number","196 768",""
"2014","Romania","Total","Foreign country","Number","1 939",""
"2014","Serbia","Total","Total","Number","66 461",""
"2014","Serbia","Total","Reporting country","Number","64 526",""
"2014","Serbia","Total","Foreign country","Number","615",""
"2014","Russia","Total","Total","Number",":",""
"2014","Russia","Total","Reporting country","Number",":",""
"2014","Russia","Total","Foreign country","Number",":",""
"2014","Sweden","Total","Total","Number","114 907",""
"2014","Sweden","Total","Reporting country","Number","96 934",""
"2014","Sweden","Total","Foreign country","Number","17 252",""
"2014","Slovenia","Total","Total","Number","21 165",""
"2014","Slovenia","Total","Reporting country","Number","19 358",""
"2014","Slovenia","Total","Foreign country","Number","1 807",""
"2014","Slovakia","Total","Total","Number","55 033",""
"2014","Slovakia","Total","Reporting country","Number","54 945",""
"2014","Slovakia","Total","Foreign country","Number","88",""
"2014","San Marino","Total","Total","Number",":",""
"2014","San Marino","Total","Reporting country","Number",":",""
"2014","San Marino","Total","Foreign country","Number",":",""
"2014","Turkey","Total","Total","Number",":",""
"2014","Turkey","Total","Reporting country","Number",":",""
"2014","Turkey","Total","Foreign country","Number",":",""
"2014","Ukraine","Total","Total","Number",":",""
"2014","Ukraine","Total","Reporting country","Number",":",""
"2014","Ukraine","Total","Foreign country","Number",":",""
"2014","United Kingdom","Total","Total","Number","775 908","e"
"2014","United Kingdom","Total","Reporting country","Number","639 764","e"
"2014","United Kingdom","Total","Foreign country","Number","136 108","e"
"2014","Kosovo (under United Nations Security Council Resolution 1244/99)","Total","Total","Number",":",""
"2014","Kosovo (under United Nations Security Council Resolution 1244/99)","Total","Reporting country","Number",":",""
"2014","Kosovo (under United Nations Security Council Resolution 1244/99)","Total","Foreign country","Number",":",""
"2015","Andorra","Total","Total","Number",":",""
"2015","Andorra","Total","Reporting country","Number",":",""
"2015","Andorra","Total","Foreign country","Number",":",""
"2015","Austria","Total","Total","Number","84 381",""
"2015","Austria","Total","Reporting country","Number","60 883",""
"2015","Austria","Total","Foreign country","Number","23 273",""
"2015","Azerbaijan","Total","Total","Number","166 210",""
"2015","Azerbaijan","Total","Reporting country","Number","164 232",""
"2015","Azerbaijan","Total","Foreign country","Number","1 978",""
"2015","Bosnia and Herzegovina","Total","Total","Number",":",""
"2015","Bosnia and Herzegovina","Total","Reporting country","Number",":",""
"2015","Bosnia and Herzegovina","Total","Foreign country","Number",":",""
"2015","Belgium","Total","Total","Number","122 274",""
"2015","Belgium","Total","Reporting country","Number","93 141",""
"2015","Belgium","Total","Foreign country","Number","27 850",""
"2015","Bulgaria","Total","Total","Number","65 950",""
"2015","Bulgaria","Total","Reporting country","Number","65 276",""
"2015","Bulgaria","Total","Foreign country","Number","657",""
"2015","Switzerland","Total","Total","Number","86 559",""
"2015","Switzerland","Total","Reporting country","Number","52 213",""
"2015","Switzerland","Total","Foreign country","Number","33 959",""
"2015","Cyprus","Total","Total","Number","9 170",""
"2015","Cyprus","Total","Reporting country","Number","6 717",""
"2015","Cyprus","Total","Foreign country","Number","2 429",""
"2015","Czechia","Total","Total","Number","110 764",""
"2015","Czechia","Total","Reporting country","Number","104 244",""
"2015","Czechia","Total","Foreign country","Number","6 520",""
"2015","Germany including former GDR","Total","Total","Number","737 575",""
"2015","Germany including former GDR","Total","Reporting country","Number","589 670",""
"2015","Germany including former GDR","Total","Foreign country","Number","145 031",""
"2015","Denmark","Total","Total","Number","58 205",""
"2015","Denmark","Total","Reporting country","Number","49 378",""
"2015","Denmark","Total","Foreign country","Number","8 719",""
"2015","Estonia","Total","Total","Number","13 907",""
"2015","Estonia","Total","Reporting country","Number","12 538",""
"2015","Estonia","Total","Foreign country","Number","801",""
"2015","Greece","Total","Total","Number","91 847",""
"2015","Greece","Total","Reporting country","Number","79 913",""
"2015","Greece","Total","Foreign country","Number","11 930",""
"2015","Spain","Total","Total","Number","418 432",""
"2015","Spain","Total","Reporting country","Number","344 695",""
"2015","Spain","Total","Foreign country","Number","73 733",""
"2015","Finland","Total","Total","Number","55 472",""
"2015","Finland","Total","Reporting country","Number","50 684",""
"2015","Finland","Total","Foreign country","Number","4 630",""
"2015","France","Total","Total","Number","799 671",""
"2015","France","Total","Reporting country","Number","667 698",""
"2015","France","Total","Foreign country","Number","131 973",""
"2015","France (metropolitan)","Total","Total","Number",":",""
"2015","France (metropolitan)","Total","Reporting country","Number",":",""
"2015","France (metropolitan)","Total","Foreign country","Number",":",""
"2015","Georgia","Total","Total","Number","59 249",""
"2015","Georgia","Total","Reporting country","Number","58 205",""
"2015","Georgia","Total","Foreign country","Number","969",""
"2015","Croatia","Total","Total","Number","37 503",""
"2015","Croatia","Total","Reporting country","Number","36 876",""
"2015","Croatia","Total","Foreign country","Number","595",""
"2015","Hungary","Total","Total","Number","92 135",""
"2015","Hungary","Total","Reporting country","Number","91 123",""
"2015","Hungary","Total","Foreign country","Number","993",""
"2015","Ireland","Total","Total","Number","65 536",""
"2015","Ireland","Total","Reporting country","Number","51 020",""
"2015","Ireland","Total","Foreign country","Number","14 472",""
"2015","Iceland","Total","Total","Number","4 129",""
"2015","Iceland","Total","Reporting country","Number","3 607",""
"2015","Iceland","Total","Foreign country","Number","520",""
"2015","Italy","Total","Total","Number","485 780",""
"2015","Italy","Total","Reporting country","Number","391 511",""
"2015","Italy","Total","Foreign country","Number","94 249",""
"2015","Liechtenstein","Total","Total","Number","325",""
"2015","Liechtenstein","Total","Reporting country","Number","148",""
"2015","Liechtenstein","Total","Foreign country","Number","177",""
"2015","Lithuania","Total","Total","Number","31 475",""
"2015","Lithuania","Total","Reporting country","Number","31 034",""
"2015","Lithuania","Total","Foreign country","Number","410",""
"2015","Luxembourg","Total","Total","Number","6 115",""
"2015","Luxembourg","Total","Reporting country","Number","2 350",""
"2015","Luxembourg","Total","Foreign country","Number","3 761",""
"2015","Latvia","Total","Total","Number","21 979",""
"2015","Latvia","Total","Reporting country","Number","20 673",""
"2015","Latvia","Total","Foreign country","Number","1 298",""
"2015","Moldova","Total","Total","Number",":",""
"2015","Moldova","Total","Reporting country","Number",":",""
"2015","Moldova","Total","Foreign country","Number",":",""
"2015","Montenegro","Total","Total","Number","7 386",""
"2015","Montenegro","Total","Reporting country","Number","6 212",""
"2015","Montenegro","Total","Foreign country","Number","888",""
"2015","North Macedonia","Total","Total","Number","23 075",""
"2015","North Macedonia","Total","Reporting country","Number","22 229",""
"2015","North Macedonia","Total","Foreign country","Number","840",""
"2015","Malta","Total","Total","Number","4 325",""
"2015","Malta","Total","Reporting country","Number","3 595",""
"2015","Malta","Total","Foreign country","Number","730",""
"2015","Netherlands","Total","Total","Number","170 510",""
"2015","Netherlands","Total","Reporting country","Number","151 433",""
"2015","Netherlands","Total","Foreign country","Number","16 952",""
"2015","Norway","Total","Total","Number","58 815",""
"2015","Norway","Total","Reporting country","Number","46 428",""
"2015","Norway","Total","Foreign country","Number","12 291",""
"2015","Poland","Total","Total","Number","369 308",""
"2015","Poland","Total","Reporting country","Number","366 933",""
"2015","Poland","Total","Foreign country","Number","1 736",""
"2015","Portugal","Total","Total","Number","85 500",""
"2015","Portugal","Total","Reporting country","Number","78 336",""
"2015","Portugal","Total","Foreign country","Number","7 164",""
"2015","Romania","Total","Total","Number","201 995",""
"2015","Romania","Total","Reporting country","Number","199 762",""
"2015","Romania","Total","Foreign country","Number","2 125",""
"2015","Serbia","Total","Total","Number","65 657",""
"2015","Serbia","Total","Reporting country","Number","64 047",""
"2015","Serbia","Total","Foreign country","Number","831",""
"2015","Russia","Total","Total","Number",":",""
"2015","Russia","Total","Reporting country","Number",":",""
"2015","Russia","Total","Foreign country","Number",":",""
"2015","Sweden","Total","Total","Number","114 870",""
"2015","Sweden","Total","Reporting country","Number","95 913",""
"2015","Sweden","Total","Foreign country","Number","18 110",""
"2015","Slovenia","Total","Total","Number","20 641",""
"2015","Slovenia","Total","Reporting country","Number","18 606",""
"2015","Slovenia","Total","Foreign country","Number","2 035",""
"2015","Slovakia","Total","Total","Number","55 602",""
"2015","Slovakia","Total","Reporting country","Number","55 131",""
"2015","Slovakia","Total","Foreign country","Number","471",""
"2015","San Marino","Total","Total","Number",":",""
"2015","San Marino","Total","Reporting country","Number",":",""
"2015","San Marino","Total","Foreign country","Number",":",""
"2015","Turkey","Total","Total","Number","1 325 783",""
"2015","Turkey","Total","Reporting country","Number","1 306 630",""
"2015","Turkey","Total","Foreign country","Number","15 341",""
"2015","Ukraine","Total","Total","Number","411 781",""
"2015","Ukraine","Total","Reporting country","Number","406 810",""
"2015","Ukraine","Total","Foreign country","Number",":",""
"2015","United Kingdom","Total","Total","Number","776 746","e"
"2015","United Kingdom","Total","Reporting country","Number","636 636","e"
"2015","United Kingdom","Total","Foreign country","Number","140 073","e"
"2015","Kosovo (under United Nations Security Council Resolution 1244/99)","Total","Total","Number",":",""
"2015","Kosovo (under United Nations Security Council Resolution 1244/99)","Total","Reporting country","Number",":",""
"2015","Kosovo (under United Nations Security Council Resolution 1244/99)","Total","Foreign country","Number",":",""
"2016","Andorra","Total","Total","Number",":",""
"2016","Andorra","Total","Reporting country","Number",":",""
"2016","Andorra","Total","Foreign country","Number",":",""
"2016","Austria","Total","Total","Number","87 675",""
"2016","Austria","Total","Reporting country","Number","61 780",""
"2016","Austria","Total","Foreign country","Number","25 851",""
"2016","Azerbaijan","Total","Total","Number","159 464",""
"2016","Azerbaijan","Total","Reporting country","Number","157 734",""
"2016","Azerbaijan","Total","Foreign country","Number","1 730",""
"2016","Bosnia and Herzegovina","Total","Total","Number",":",""
"2016","Bosnia and Herzegovina","Total","Reporting country","Number",":",""
"2016","Bosnia and Herzegovina","Total","Foreign country","Number",":",""
"2016","Belgium","Total","Total","Number","121 896",""
"2016","Belgium","Total","Reporting country","Number","91 983",""
"2016","Belgium","Total","Foreign country","Number","28 520",""
"2016","Bulgaria","Total","Total","Number","64 984",""
"2016","Bulgaria","Total","Reporting country","Number","64 492",""
"2016","Bulgaria","Total","Foreign country","Number","485",""
"2016","Switzerland","Total","Total","Number","87 883",""
"2016","Switzerland","Total","Reporting country","Number","52 343",""
"2016","Switzerland","Total","Foreign country","Number","35 168",""
"2016","Cyprus","Total","Total","Number","9 455",""
"2016","Cyprus","Total","Reporting country","Number","6 905",""
"2016","Cyprus","Total","Foreign country","Number","2 531",""
"2016","Czechia","Total","Total","Number","112 663",""
"2016","Czechia","Total","Reporting country","Number","106 102",""
"2016","Czechia","Total","Foreign country","Number","6 561",""
"2016","Germany including former GDR","Total","Total","Number","792 141",""
"2016","Germany including former GDR","Total","Reporting country","Number","607 477",""
"2016","Germany including former GDR","Total","Foreign country","Number","179 419",""
"2016","Denmark","Total","Total","Number","61 614",""
"2016","Denmark","Total","Reporting country","Number","51 722",""
"2016","Denmark","Total","Foreign country","Number","9 732",""
"2016","Estonia","Total","Total","Number","14 053",""
"2016","Estonia","Total","Reporting country","Number","12 721",""
"2016","Estonia","Total","Foreign country","Number","1 332",""
"2016","Greece","Total","Total","Number","92 898",""
"2016","Greece","Total","Reporting country","Number","80 166",""
"2016","Greece","Total","Foreign country","Number","12 724",""
"2016","Spain","Total","Total","Number","408 734",""
"2016","Spain","Total","Reporting country","Number","334 341",""
"2016","Spain","Total","Foreign country","Number","74 383",""
"2016","Finland","Total","Total","Number","52 814",""
"2016","Finland","Total","Reporting country","Number","47 920",""
"2016","Finland","Total","Foreign country","Number","4 716",""
"2016","France","Total","Total","Number","784 325",""
"2016","France","Total","Reporting country","Number","649 810",""
"2016","France","Total","Foreign country","Number","134 515",""
"2016","France (metropolitan)","Total","Total","Number",":",""
"2016","France (metropolitan)","Total","Reporting country","Number",":",""
"2016","France (metropolitan)","Total","Foreign country","Number",":",""
"2016","Georgia","Total","Total","Number","56 569",""
"2016","Georgia","Total","Reporting country","Number","55 327",""
"2016","Georgia","Total","Foreign country","Number","1 171",""
"2016","Croatia","Total","Total","Number","37 537",""
"2016","Croatia","Total","Reporting country","Number","36 921",""
"2016","Croatia","Total","Foreign country","Number","595",""
"2016","Hungary","Total","Total","Number","95 361",""
"2016","Hungary","Total","Reporting country","Number","94 269",""
"2016","Hungary","Total","Foreign country","Number","1 073",""
"2016","Ireland","Total","Total","Number","63 841",""
"2016","Ireland","Total","Reporting country","Number","49 158",""
"2016","Ireland","Total","Foreign country","Number","14 628",""
"2016","Iceland","Total","Total","Number","4 034",""
"2016","Iceland","Total","Reporting country","Number","3 497",""
"2016","Iceland","Total","Foreign country","Number","535",""
"2016","Italy","Total","Total","Number","473 438",""
"2016","Italy","Total","Reporting country","Number","380 217",""
"2016","Italy","Total","Foreign country","Number","93 203",""
"2016","Liechtenstein","Total","Total","Number","378",""
"2016","Liechtenstein","Total","Reporting country","Number","203",""
"2016","Liechtenstein","Total","Foreign country","Number","175",""
"2016","Lithuania","Total","Total","Number","30 623",""
"2016","Lithuania","Total","Reporting country","Number","30 130",""
"2016","Lithuania","Total","Foreign country","Number","468",""
"2016","Luxembourg","Total","Total","Number","6 050",""
"2016","Luxembourg","Total","Reporting country","Number","2 295",""
"2016","Luxembourg","Total","Foreign country","Number","3 738",""
"2016","Latvia","Total","Total","Number","21 968",""
"2016","Latvia","Total","Reporting country","Number","20 691",""
"2016","Latvia","Total","Foreign country","Number","1 264",""
"2016","Moldova","Total","Total","Number","37 394",""
"2016","Moldova","Total","Reporting country","Number","37 391",""
"2016","Moldova","Total","Foreign country","Number","3",""
"2016","Montenegro","Total","Total","Number","7 569",""
"2016","Montenegro","Total","Reporting country","Number","6 397",""
"2016","Montenegro","Total","Foreign country","Number","930",""
"2016","North Macedonia","Total","Total","Number",":",""
"2016","North Macedonia","Total","Reporting country","Number",":",""
"2016","North Macedonia","Total","Foreign country","Number",":",""
"2016","Malta","Total","Total","Number","4 476",""
"2016","Malta","Total","Reporting country","Number","3 627",""
"2016","Malta","Total","Foreign country","Number","849",""
"2016","Netherlands","Total","Total","Number","172 520",""
"2016","Netherlands","Total","Reporting country","Number","152 079",""
"2016","Netherlands","Total","Foreign country","Number","18 481",""
"2016","Norway","Total","Total","Number","58 890",""
"2016","Norway","Total","Reporting country","Number","46 197",""
"2016","Norway","Total","Foreign country","Number","12 587",""
"2016","Poland","Total","Total","Number","382 257",""
"2016","Poland","Total","Reporting country","Number","379 041",""
"2016","Poland","Total","Foreign country","Number","3 213",""
"2016","Portugal","Total","Total","Number","87 126",""
"2016","Portugal","Total","Reporting country","Number","79 421",""
"2016","Portugal","Total","Foreign country","Number","7 686",""
"2016","Romania","Total","Total","Number","205 773",""
"2016","Romania","Total","Reporting country","Number","203 228",""
"2016","Romania","Total","Foreign country","Number","2 352",""
"2016","Serbia","Total","Total","Number","64 734",""
"2016","Serbia","Total","Reporting country","Number","63 686",""
"2016","Serbia","Total","Foreign country","Number","772",""
"2016","Russia","Total","Total","Number",":",""
"2016","Russia","Total","Reporting country","Number",":",""
"2016","Russia","Total","Foreign country","Number",":",""
"2016","Sweden","Total","Total","Number","117 425",""
"2016","Sweden","Total","Reporting country","Number","97 087",""
"2016","Sweden","Total","Foreign country","Number","19 072",""
"2016","Slovenia","Total","Total","Number","20 345",""
"2016","Slovenia","Total","Reporting country","Number","18 340",""
"2016","Slovenia","Total","Foreign country","Number","2 005",""
"2016","Slovakia","Total","Total","Number","57 557",""
"2016","Slovakia","Total","Reporting country","Number","56 956",""
"2016","Slovakia","Total","Foreign country","Number","601",""
"2016","San Marino","Total","Total","Number",":",""
"2016","San Marino","Total","Reporting country","Number",":",""
"2016","San Marino","Total","Foreign country","Number",":",""
"2016","Turkey","Total","Total","Number","1 309 771",""
"2016","Turkey","Total","Reporting country","Number","1 286 604",""
"2016","Turkey","Total","Foreign country","Number","18 229",""
"2016","Ukraine","Total","Total","Number","397 037",""
"2016","Ukraine","Total","Reporting country","Number","391 940",""
"2016","Ukraine","Total","Foreign country","Number","3 607",""
"2016","United Kingdom","Total","Total","Number","774 386",""
"2016","United Kingdom","Total","Reporting country","Number","631 084",""
"2016","United Kingdom","Total","Foreign country","Number","143 254",""
"2016","Kosovo (under United Nations Security Council Resolution 1244/99)","Total","Total","Number","23 416",""
"2016","Kosovo (under United Nations Security Council Resolution 1244/99)","Total","Reporting country","Number","23 314",""
"2016","Kosovo (under United Nations Security Council Resolution 1244/99)","Total","Foreign country","Number","102",""
"2017","Andorra","Total","Total","Number",":",""
"2017","Andorra","Total","Reporting country","Number",":",""
"2017","Andorra","Total","Foreign country","Number",":",""
"2017","Austria","Total","Total","Number","87 633",""
"2017","Austria","Total","Reporting country","Number","61 369",""
"2017","Austria","Total","Foreign country","Number","26 210",""
"2017","Azerbaijan","Total","Total","Number","144 041",""
"2017","Azerbaijan","Total","Reporting country","Number","142 230",""
"2017","Azerbaijan","Total","Foreign country","Number","1 811",""
"2017","Bosnia and Herzegovina","Total","Total","Number",":",""
"2017","Bosnia and Herzegovina","Total","Reporting country","Number",":",""
"2017","Bosnia and Herzegovina","Total","Foreign country","Number",":",""
"2017","Belgium","Total","Total","Number","119 690",""
"2017","Belgium","Total","Reporting country","Number","89 253",""
"2017","Belgium","Total","Foreign country","Number","29 230",""
"2017","Bulgaria","Total","Total","Number","63 955",""
"2017","Bulgaria","Total","Reporting country","Number","63 368",""
"2017","Bulgaria","Total","Foreign country","Number","580",""
"2017","Switzerland","Total","Total","Number","87 381",""
"2017","Switzerland","Total","Reporting country","Number","51 985",""
"2017","Switzerland","Total","Foreign country","Number","35 090",""
"2017","Cyprus","Total","Total","Number","9 229",""
"2017","Cyprus","Total","Reporting country","Number","6 531",""
"2017","Cyprus","Total","Foreign country","Number","2 677",""
"2017","Czechia","Total","Total","Number","114 405",""
"2017","Czechia","Total","Reporting country","Number","107 206",""
"2017","Czechia","Total","Foreign country","Number","7 199",""
"2017","Germany including former GDR","Total","Total","Number","784 901",""
"2017","Germany including former GDR","Total","Reporting country","Number","601 014",""
"2017","Germany including former GDR","Total","Foreign country","Number","179 013",""
"2017","Denmark","Total","Total","Number","61 397",""
"2017","Denmark","Total","Reporting country","Number","51 140",""
"2017","Denmark","Total","Foreign country","Number","10 078",""
"2017","Estonia","Total","Total","Number","13 784",""
"2017","Estonia","Total","Reporting country","Number","12 516",""
"2017","Estonia","Total","Foreign country","Number","1 268",""
"2017","Greece","Total","Total","Number","88 553",""
"2017","Greece","Total","Reporting country","Number","76 177",""
"2017","Greece","Total","Foreign country","Number","12 371",""
"2017","Spain","Total","Total","Number","391 265",""
"2017","Spain","Total","Reporting country","Number","316 837",""
"2017","Spain","Total","Foreign country","Number","74 407",""
"2017","Finland","Total","Total","Number","50 321",""
"2017","Finland","Total","Reporting country","Number","45 536",""
"2017","Finland","Total","Foreign country","Number","4 622",""
"2017","France","Total","Total","Number","770 045",""
"2017","France","Total","Reporting country","Number","634 244",""
"2017","France","Total","Foreign country","Number","135 801",""
"2017","France (metropolitan)","Total","Total","Number",":",""
"2017","France (metropolitan)","Total","Reporting country","Number",":",""
"2017","France (metropolitan)","Total","Foreign country","Number",":",""
"2017","Georgia","Total","Total","Number",":",""
"2017","Georgia","Total","Reporting country","Number",":",""
"2017","Georgia","Total","Foreign country","Number",":",""
"2017","Croatia","Total","Total","Number","36 556",""
"2017","Croatia","Total","Reporting country","Number","35 942",""
"2017","Croatia","Total","Foreign country","Number","600",""
"2017","Hungary","Total","Total","Number","94 646",""
"2017","Hungary","Total","Reporting country","Number","93 322",""
"2017","Hungary","Total","Foreign country","Number","1 308",""
"2017","Ireland","Total","Total","Number","61 824",""
"2017","Ireland","Total","Reporting country","Number","47 818",""
"2017","Ireland","Total","Foreign country","Number","13 954",""
"2017","Iceland","Total","Total","Number","4 071",""
"2017","Iceland","Total","Reporting country","Number","3 527",""
"2017","Iceland","Total","Foreign country","Number","542",""
"2017","Italy","Total","Total","Number","458 151",""
"2017","Italy","Total","Reporting country","Number","366 406",""
"2017","Italy","Total","Foreign country","Number","91 720",""
"2017","Liechtenstein","Total","Total","Number","338",""
"2017","Liechtenstein","Total","Reporting country","Number","164",""
"2017","Liechtenstein","Total","Foreign country","Number","174",""
"2017","Lithuania","Total","Total","Number","28 696",""
"2017","Lithuania","Total","Reporting country","Number","28 209",""
"2017","Lithuania","Total","Foreign country","Number","467",""
"2017","Luxembourg","Total","Total","Number","6 174",""
"2017","Luxembourg","Total","Reporting country","Number","2 449",""
"2017","Luxembourg","Total","Foreign country","Number","3 707",""
"2017","Latvia","Total","Total","Number","20 828",""
"2017","Latvia","Total","Reporting country","Number","19 767",""
"2017","Latvia","Total","Foreign country","Number","1 052",""
"2017","Moldova","Total","Total","Number",":",""
"2017","Moldova","Total","Reporting country","Number",":",""
"2017","Moldova","Total","Foreign country","Number",":",""
"2017","Montenegro","Total","Total","Number","7 432",""
"2017","Montenegro","Total","Reporting country","Number","6 436",""
"2017","Montenegro","Total","Foreign country","Number","963",""
"2017","North Macedonia","Total","Total","Number","21 754",""
"2017","North Macedonia","Total","Reporting country","Number","20 975",""
"2017","North Macedonia","Total","Foreign country","Number","779",""
"2017","Malta","Total","Total","Number","4 319",""
"2017","Malta","Total","Reporting country","Number","3 409",""
"2017","Malta","Total","Foreign country","Number","910",""
"2017","Netherlands","Total","Total","Number","169 836",""
"2017","Netherlands","Total","Reporting country","Number","148 738",""
"2017","Netherlands","Total","Foreign country","Number","19 495",""
"2017","Norway","Total","Total","Number","56 633",""
"2017","Norway","Total","Reporting country","Number","43 944",""
"2017","Norway","Total","Foreign country","Number","12 587",""
"2017","Poland","Total","Total","Number","401 982",""
"2017","Poland","Total","Reporting country","Number","397 920",""
"2017","Poland","Total","Foreign country","Number","4 061",""
"2017","Portugal","Total","Total","Number","86 154",""
"2017","Portugal","Total","Reporting country","Number","77 838",""
"2017","Portugal","Total","Foreign country","Number","8 316",""
"2017","Romania","Total","Total","Number","210 590",""
"2017","Romania","Total","Reporting country","Number","207 654",""
"2017","Romania","Total","Foreign country","Number","2 778",""
"2017","Serbia","Total","Total","Number","64 894",""
"2017","Serbia","Total","Reporting country","Number","63 984",""
"2017","Serbia","Total","Foreign country","Number","830",""
"2017","Russia","Total","Total","Number",":",""
"2017","Russia","Total","Reporting country","Number",":",""
"2017","Russia","Total","Foreign country","Number",":",""
"2017","Sweden","Total","Total","Number","115 416",""
"2017","Sweden","Total","Reporting country","Number","94 217",""
"2017","Sweden","Total","Foreign country","Number","19 930",""
"2017","Slovenia","Total","Total","Number","20 241",""
"2017","Slovenia","Total","Reporting country","Number","18 179",""
"2017","Slovenia","Total","Foreign country","Number","2 062",""
"2017","Slovakia","Total","Total","Number","57 969",""
"2017","Slovakia","Total","Reporting country","Number","57 315",""
"2017","Slovakia","Total","Foreign country","Number","654",""
"2017","San Marino","Total","Total","Number",":",""
"2017","San Marino","Total","Reporting country","Number",":",""
"2017","San Marino","Total","Foreign country","Number",":",""
"2017","Turkey","Total","Total","Number","1 291 055",""
"2017","Turkey","Total","Reporting country","Number","1 265 827",""
"2017","Turkey","Total","Foreign country","Number","19 227",""
"2017","Ukraine","Total","Total","Number","363 987",""
"2017","Ukraine","Total","Reporting country","Number","358 668",""
"2017","Ukraine","Total","Foreign country","Number","3 955",""
"2017","United Kingdom","Total","Total","Number","754 754",""
"2017","United Kingdom","Total","Reporting country","Number","613 852",""
"2017","United Kingdom","Total","Foreign country","Number","140 856",""
"2017","Kosovo (under United Nations Security Council Resolution 1244/99)","Total","Total","Number","23 402",""
"2017","Kosovo (under United Nations Security Council Resolution 1244/99)","Total","Reporting country","Number","23 322",""
"2017","Kosovo (under United Nations Security Council Resolution 1244/99)","Total","Foreign country","Number","75",""
"2018","Andorra","Total","Total","Number","543",""
"2018","Andorra","Total","Reporting country","Number","189",""
"2018","Andorra","Total","Foreign country","Number","351",""
"2018","Austria","Total","Total","Number","85 535",""
"2018","Austria","Total","Reporting country","Number","59 901",""
"2018","Austria","Total","Foreign country","Number","25 597",""
"2018","Azerbaijan","Total","Total","Number","138 982",""
"2018","Azerbaijan","Total","Reporting country","Number","137 325",""
"2018","Azerbaijan","Total","Foreign country","Number","1 657",""
"2018","Bosnia and Herzegovina","Total","Total","Number",":",""
"2018","Bosnia and Herzegovina","Total","Reporting country","Number",":",""
"2018","Bosnia and Herzegovina","Total","Foreign country","Number",":",""
"2018","Belgium","Total","Total","Number","118 319",""
"2018","Belgium","Total","Reporting country","Number","88 121",""
"2018","Belgium","Total","Foreign country","Number","29 187",""
"2018","Bulgaria","Total","Total","Number","62 197",""
"2018","Bulgaria","Total","Reporting country","Number","61 792",""
"2018","Bulgaria","Total","Foreign country","Number","398",""
"2018","Switzerland","Total","Total","Number","87 851",""
"2018","Switzerland","Total","Reporting country","Number","52 580",""
"2018","Switzerland","Total","Foreign country","Number","35 019",""
"2018","Cyprus","Total","Total","Number","9 329",""
"2018","Cyprus","Total","Reporting country","Number","6 395",""
"2018","Cyprus","Total","Foreign country","Number","2 900",""
"2018","Czechia","Total","Total","Number","114 036",""
"2018","Czechia","Total","Reporting country","Number","106 763",""
"2018","Czechia","Total","Foreign country","Number","7 273",""
"2018","Germany including former GDR","Total","Total","Number","787 523",""
"2018","Germany including former GDR","Total","Reporting country","Number","598 364",""
"2018","Germany including former GDR","Total","Foreign country","Number","185 192",""
"2018","Denmark","Total","Total","Number","61 476",""
"2018","Denmark","Total","Reporting country","Number","51 442",""
"2018","Denmark","Total","Foreign country","Number","9 858",""
"2018","Estonia","Total","Total","Number","14 367",""
"2018","Estonia","Total","Reporting country","Number","13 017",""
"2018","Estonia","Total","Foreign country","Number","1 349",""
"2018","Greece","Total","Total","Number","86 440",""
"2018","Greece","Total","Reporting country","Number","74 121",""
"2018","Greece","Total","Foreign country","Number","12 313",""
"2018","Spain","Total","Total","Number","370 827",""
"2018","Spain","Total","Reporting country","Number","295 065",""
"2018","Spain","Total","Foreign country","Number","75 719",""
"2018","Finland","Total","Total","Number","47 577",""
"2018","Finland","Total","Reporting country","Number","42 884",""
"2018","Finland","Total","Foreign country","Number","4 661",""
"2018","France","Total","Total","Number","759 199",""
"2018","France","Total","Reporting country","Number","622 248",""
"2018","France","Total","Foreign country","Number","136 951",""
"2018","France (metropolitan)","Total","Total","Number",":",""
"2018","France (metropolitan)","Total","Reporting country","Number",":",""
"2018","France (metropolitan)","Total","Foreign country","Number",":",""
"2018","Georgia","Total","Total","Number","51 138",""
"2018","Georgia","Total","Reporting country","Number","49 680",""
"2018","Georgia","Total","Foreign country","Number","1 433",""
"2018","Croatia","Total","Total","Number","36 945",""
"2018","Croatia","Total","Reporting country","Number","36 528",""
"2018","Croatia","Total","Foreign country","Number","407",""
"2018","Hungary","Total","Total","Number","93 467",""
"2018","Hungary","Total","Reporting country","Number","92 113",""
"2018","Hungary","Total","Foreign country","Number","1 335",""
"2018","Ireland","Total","Total","Number","61 022",""
"2018","Ireland","Total","Reporting country","Number","47 070",""
"2018","Ireland","Total","Foreign country","Number","13 883",""
"2018","Iceland","Total","Total","Number","4 228",""
"2018","Iceland","Total","Reporting country","Number","3 573",""
"2018","Iceland","Total","Foreign country","Number","654",""
"2018","Italy","Total","Total","Number","439 747",""
"2018","Italy","Total","Reporting country","Number","351 101",""
"2018","Italy","Total","Foreign country","Number","88 619",""
"2018","Liechtenstein","Total","Total","Number","378",""
"2018","Liechtenstein","Total","Reporting country","Number","198",""
"2018","Liechtenstein","Total","Foreign country","Number","180",""
"2018","Lithuania","Total","Total","Number","28 149",""
"2018","Lithuania","Total","Reporting country","Number","27 375",""
"2018","Lithuania","Total","Foreign country","Number","755",""
"2018","Luxembourg","Total","Total","Number","6 274",""
"2018","Luxembourg","Total","Reporting country","Number","2 414",""
"2018","Luxembourg","Total","Foreign country","Number","3 845",""
"2018","Latvia","Total","Total","Number","19 314",""
"2018","Latvia","Total","Reporting country","Number","18 219",""
"2018","Latvia","Total","Foreign country","Number","1 093",""
"2018","Moldova","Total","Total","Number",":",""
"2018","Moldova","Total","Reporting country","Number",":",""
"2018","Moldova","Total","Foreign country","Number",":",""
"2018","Montenegro","Total","Total","Number","7 264",""
"2018","Montenegro","Total","Reporting country","Number","6 269",""
"2018","Montenegro","Total","Foreign country","Number","979",""
"2018","North Macedonia","Total","Total","Number","21 333",""
"2018","North Macedonia","Total","Reporting country","Number","20 554",""
"2018","North Macedonia","Total","Foreign country","Number","776",""
"2018","Malta","Total","Total","Number","4 444",""
"2018","Malta","Total","Reporting country","Number","3 396",""
"2018","Malta","Total","Foreign country","Number","1 048",""
"2018","Netherlands","Total","Total","Number","168 525",""
"2018","Netherlands","Total","Reporting country","Number","146 293",""
"2018","Netherlands","Total","Foreign country","Number","20 878",""
"2018","Norway","Total","Total","Number","55 120",""
"2018","Norway","Total","Reporting country","Number","42 825",""
"2018","Norway","Total","Foreign country","Number","12 198",""
"2018","Poland","Total","Total","Number","388 178",""
"2018","Poland","Total","Reporting country","Number","383 033",""
"2018","Poland","Total","Foreign country","Number","5 142",""
"2018","Portugal","Total","Total","Number","87 020",""
"2018","Portugal","Total","Reporting country","Number","77 631",""
"2018","Portugal","Total","Foreign country","Number","9 389",""
"2018","Romania","Total","Total","Number","202 744",""
"2018","Romania","Total","Reporting country","Number","200 037",""
"2018","Romania","Total","Foreign country","Number","2 473",""
"2018","Serbia","Total","Total","Number",":",""
"2018","Serbia","Total","Reporting country","Number",":",""
"2018","Serbia","Total","Foreign country","Number",":",""
"2018","Russia","Total","Total","Number",":",""
"2018","Russia","Total","Reporting country","Number",":",""
"2018","Russia","Total","Foreign country","Number",":",""
"2018","Sweden","Total","Total","Number","115 832",""
"2018","Sweden","Total","Reporting country","Number","94 375",""
"2018","Sweden","Total","Foreign country","Number","20 209",""
"2018","Slovenia","Total","Total","Number","19 585",""
"2018","Slovenia","Total","Reporting country","Number","17 498",""
"2018","Slovenia","Total","Foreign country","Number","2 087",""
"2018","Slovakia","Total","Total","Number","57 639",""
"2018","Slovakia","Total","Reporting country","Number","56 947",""
"2018","Slovakia","Total","Foreign country","Number","692",""
"2018","San Marino","Total","Total","Number",":",""
"2018","San Marino","Total","Reporting country","Number",":",""
"2018","San Marino","Total","Foreign country","Number",":",""
"2018","Turkey","Total","Total","Number","1 248 847",""
"2018","Turkey","Total","Reporting country","Number","1 220 262",""
"2018","Turkey","Total","Foreign country","Number","20 431",""
"2018","Ukraine","Total","Total","Number","335 874",""
"2018","Ukraine","Total","Reporting country","Number","330 477",""
"2018","Ukraine","Total","Foreign country","Number",":",""
"2018","United Kingdom","Total","Total","Number","730 918",""
"2018","United Kingdom","Total","Reporting country","Number","595 200",""
"2018","United Kingdom","Total","Foreign country","Number","135 681",""
"2018","Kosovo (under United Nations Security Council Resolution 1244/99)","Total","Total","Number","22 761",""
"2018","Kosovo (under United Nations Security Council Resolution 1244/99)","Total","Reporting country","Number","22 681",""
"2018","Kosovo (under United Nations Security Council Resolution 1244/99)","Total","Foreign country","Number","80",""
"2019","Andorra","Total","Total","Number",":",""
"2019","Andorra","Total","Reporting country","Number",":",""
"2019","Andorra","Total","Foreign country","Number",":",""
"2019","Austria","Total","Total","Number","84 952",""
"2019","Austria","Total","Reporting country","Number","58 871",""
"2019","Austria","Total","Foreign country","Number","26 051",""
"2019","Azerbaijan","Total","Total","Number",":",""
"2019","Azerbaijan","Total","Reporting country","Number",":",""
"2019","Azerbaijan","Total","Foreign country","Number",":",""
"2019","Bosnia and Herzegovina","Total","Total","Number",":",""
"2019","Bosnia and Herzegovina","Total","Reporting country","Number",":",""
"2019","Bosnia and Herzegovina","Total","Foreign country","Number",":",""
"2019","Belgium","Total","Total","Number","116 128",""
"2019","Belgium","Total","Reporting country","Number","86 203",""
"2019","Belgium","Total","Foreign country","Number","29 098",""
"2019","Bulgaria","Total","Total","Number","61 538",""
"2019","Bulgaria","Total","Reporting country","Number","60 989",""
"2019","Bulgaria","Total","Foreign country","Number","541",""
"2019","Switzerland","Total","Total","Number","86 172",""
"2019","Switzerland","Total","Reporting country","Number","51 790",""
"2019","Switzerland","Total","Foreign country","Number","34 307",""
"2019","Cyprus","Total","Total","Number","9 548",""
"2019","Cyprus","Total","Reporting country","Number","6 632",""
"2019","Cyprus","Total","Foreign country","Number","2 910",""
"2019","Czechia","Total","Total","Number","112 231",""
"2019","Czechia","Total","Reporting country","Number","104 470",""
"2019","Czechia","Total","Foreign country","Number","7 761",""
"2019","Germany including former GDR","Total","Total","Number","778 090",""
"2019","Germany including former GDR","Total","Reporting country","Number","588 401",""
"2019","Germany including former GDR","Total","Foreign country","Number","185 678",""
"2019","Denmark","Total","Total","Number","61 167",""
"2019","Denmark","Total","Reporting country","Number","51 274",""
"2019","Denmark","Total","Foreign country","Number","9 740",""
"2019","Estonia","Total","Total","Number","14 099",""
"2019","Estonia","Total","Reporting country","Number","12 729",""
"2019","Estonia","Total","Foreign country","Number","1 368",""
"2019","Greece","Total","Total","Number","83 763",""
"2019","Greece","Total","Reporting country","Number","71 700",""
"2019","Greece","Total","Foreign country","Number","12 055",""
"2019","Spain","Total","Total","Number","358 747",""
"2019","Spain","Total","Reporting country","Number","279 817",""
"2019","Spain","Total","Foreign country","Number","78 877",""
"2019","Finland","Total","Total","Number","45 613",""
"2019","Finland","Total","Reporting country","Number","41 042",""
"2019","Finland","Total","Foreign country","Number","4 541",""
"2019","France","Total","Total","Number","754 008",""
"2019","France","Total","Reporting country","Number","612 456",""
"2019","France","Total","Foreign country","Number","141 552",""
"2019","France (metropolitan)","Total","Total","Number",":",""
"2019","France (metropolitan)","Total","Reporting country","Number",":",""
"2019","France (metropolitan)","Total","Foreign country","Number",":",""
"2019","Georgia","Total","Total","Number",":",""
"2019","Georgia","Total","Reporting country","Number",":",""
"2019","Georgia","Total","Foreign country","Number",":",""
"2019","Croatia","Total","Total","Number","36 135",""
"2019","Croatia","Total","Reporting country","Number","35 725",""
"2019","Croatia","Total","Foreign country","Number","397",""
"2019","Hungary","Total","Total","Number","93 100",""
"2019","Hungary","Total","Reporting country","Number","91 806",""
"2019","Hungary","Total","Foreign country","Number","1 282",""
"2019","Ireland","Total","Total","Number","59 289",""
"2019","Ireland","Total","Reporting country","Number","45 679",""
"2019","Ireland","Total","Foreign country","Number","13 609",""
"2019","Iceland","Total","Total","Number","4 452",""
"2019","Iceland","Total","Reporting country","Number","3 733",""
"2019","Iceland","Total","Foreign country","Number","719",""
"2019","Italy","Total","Total","Number","420 084",""
"2019","Italy","Total","Reporting country","Number","335 313",""
"2019","Italy","Total","Foreign country","Number","84 750",""
"2019","Liechtenstein","Total","Total","Number","356",""
"2019","Liechtenstein","Total","Reporting country","Number","203",""
"2019","Liechtenstein","Total","Foreign country","Number","153",""
"2019","Lithuania","Total","Total","Number","27 393",""
"2019","Lithuania","Total","Reporting country","Number","26 417",""
"2019","Lithuania","Total","Foreign country","Number","957",""
"2019","Luxembourg","Total","Total","Number","6 230",""
"2019","Luxembourg","Total","Reporting country","Number","2 418",""
"2019","Luxembourg","Total","Foreign country","Number","3 803",""
"2019","Latvia","Total","Total","Number","18 786",""
"2019","Latvia","Total","Reporting country","Number","17 832",""
"2019","Latvia","Total","Foreign country","Number","949",""
"2019","Moldova","Total","Total","Number",":",""
"2019","Moldova","Total","Reporting country","Number",":",""
"2019","Moldova","Total","Foreign country","Number",":",""
"2019","Montenegro","Total","Total","Number","7 223",""
"2019","Montenegro","Total","Reporting country","Number","6 218",""
"2019","Montenegro","Total","Foreign country","Number","990",""
"2019","North Macedonia","Total","Total","Number","19 845",""
"2019","North Macedonia","Total","Reporting country","Number","19 186",""
"2019","North Macedonia","Total","Foreign country","Number","659",""
"2019","Malta","Total","Total","Number","4 350",""
"2019","Malta","Total","Reporting country","Number","3 195",""
"2019","Malta","Total","Foreign country","Number","1 155",""
"2019","Netherlands","Total","Total","Number","169 680",""
"2019","Netherlands","Total","Reporting country","Number","146 645",""
"2019","Netherlands","Total","Foreign country","Number","21 889",""
"2019","Norway","Total","Total","Number","54 495",""
"2019","Norway","Total","Reporting country","Number","42 521",""
"2019","Norway","Total","Foreign country","Number","11 897",""
"2019","Poland","Total","Total","Number","374 954",""
"2019","Poland","Total","Reporting country","Number","368 523",""
"2019","Poland","Total","Foreign country","Number","6 425",""
"2019","Portugal","Total","Total","Number","86 579",""
"2019","Portugal","Total","Reporting country","Number","75 895",""
"2019","Portugal","Total","Foreign country","Number","10 683",""
"2019","Romania","Total","Total","Number","199 720",""
"2019","Romania","Total","Reporting country","Number","196 817",""
"2019","Romania","Total","Foreign country","Number","2 619",""
"2019","Serbia","Total","Total","Number",":",""
"2019","Serbia","Total","Reporting country","Number",":",""
"2019","Serbia","Total","Foreign country","Number",":",""
"2019","Russia","Total","Total","Number",":",""
"2019","Russia","Total","Reporting country","Number",":",""
"2019","Russia","Total","Foreign country","Number",":",""
"2019","Sweden","Total","Total","Number","114 523",""
"2019","Sweden","Total","Reporting country","Number","92 962",""
"2019","Sweden","Total","Foreign country","Number","20 431",""
"2019","Slovenia","Total","Total","Number","19 328",""
"2019","Slovenia","Total","Reporting country","Number","17 145",""
"2019","Slovenia","Total","Foreign country","Number","2 183",""
"2019","Slovakia","Total","Total","Number","57 054",""
"2019","Slovakia","Total","Reporting country","Number","56 280",""
"2019","Slovakia","Total","Foreign country","Number","774",""
"2019","San Marino","Total","Total","Number",":",""
"2019","San Marino","Total","Reporting country","Number",":",""
"2019","San Marino","Total","Foreign country","Number",":",""
"2019","Turkey","Total","Total","Number","1 183 652",""
"2019","Turkey","Total","Reporting country","Number","1 154 323",""
"2019","Turkey","Total","Foreign country","Number","20 487",""
"2019","Ukraine","Total","Total","Number",":",""
"2019","Ukraine","Total","Reporting country","Number",":",""
"2019","Ukraine","Total","Foreign country","Number",":",""
"2019","United Kingdom","Total","Total","Number",":",""
"2019","United Kingdom","Total","Reporting country","Number",":",""
"2019","United Kingdom","Total","Foreign country","Number",":",""
"2019","Kosovo (under United Nations Security Council Resolution 1244/99)","Total","Total","Number","21 798",""
"2019","Kosovo (under United Nations Security Council Resolution 1244/99)","Total","Reporting country","Number","21 675",""
"2019","Kosovo (under United Nations Security Council Resolution 1244/99)","Total","Foreign country","Number","123",""
