"TIME","GEO","AGE","SEX","UNIT","Value","Flag and Footnotes"
"1960","Belgium","Total","Total","Number","9 128 824",""
"1960","Belgium","Less than 15 years","Total","Number","2 135 303",""
"1960","Belgium","65 years or over","Total","Number","1 091 374",""
"1960","Bulgaria","Total","Total","Number","7 829 246",""
"1960","Bulgaria","Less than 15 years","Total","Number","2 048 327",""
"1960","Bulgaria","65 years or over","Total","Number","582 802",""
"1960","Czechia","Total","Total","Number","9 637 840",""
"1960","Czechia","Less than 15 years","Total","Number","2 469 772",""
"1960","Czechia","65 years or over","Total","Number","913 614",""
"1960","Denmark","Total","Total","Number","4 565 455",""
"1960","Denmark","Less than 15 years","Total","Number","1 162 627",""
"1960","Denmark","65 years or over","Total","Number","479 473",""
"1960","Germany including former GDR","Total","Total","Number","72 542 990",""
"1960","Germany including former GDR","Less than 15 years","Total","Number","15 249 940",""
"1960","Germany including former GDR","65 years or over","Total","Number","8 308 238",""
"1960","Estonia","Total","Total","Number","1 206 362",""
"1960","Estonia","Less than 15 years","Total","Number","276 150",""
"1960","Estonia","65 years or over","Total","Number","126 950",""
"1960","Ireland","Total","Total","Number","2 835 500",""
"1960","Ireland","Less than 15 years","Total","Number","875 100",""
"1960","Ireland","65 years or over","Total","Number","315 300",""
"1960","Greece","Total","Total","Number","8 300 399",""
"1960","Greece","Less than 15 years","Total","Number","2 057 585",""
"1960","Greece","65 years or over","Total","Number","776 131",""
"1960","Spain","Total","Total","Number","30 327 000",""
"1960","Spain","Less than 15 years","Total","Number","8 322 237",""
"1960","Spain","65 years or over","Total","Number","2 486 799",""
"1960","France","Total","Total","Number",":",""
"1960","France","Less than 15 years","Total","Number",":",""
"1960","France","65 years or over","Total","Number",":",""
"1960","Croatia","Total","Total","Number","4 127 422",""
"1960","Croatia","Less than 15 years","Total","Number",":",""
"1960","Croatia","65 years or over","Total","Number",":",""
"1960","Italy","Total","Total","Number","50 025 500",""
"1960","Italy","Less than 15 years","Total","Number","12 366 700",""
"1960","Italy","65 years or over","Total","Number","4 631 100",""
"1960","Cyprus","Total","Total","Number","572 000",""
"1960","Cyprus","Less than 15 years","Total","Number",":",""
"1960","Cyprus","65 years or over","Total","Number",":",""
"1960","Latvia","Total","Total","Number","2 104 128",""
"1960","Latvia","Less than 15 years","Total","Number",":",""
"1960","Latvia","65 years or over","Total","Number",":",""
"1960","Lithuania","Total","Total","Number","2 755 600",""
"1960","Lithuania","Less than 15 years","Total","Number",":",""
"1960","Lithuania","65 years or over","Total","Number",":",""
"1960","Luxembourg","Total","Total","Number","313 050",""
"1960","Luxembourg","Less than 15 years","Total","Number","66 863",""
"1960","Luxembourg","65 years or over","Total","Number","33 760",""
"1960","Hungary","Total","Total","Number","9 961 044",""
"1960","Hungary","Less than 15 years","Total","Number","2 529 453",""
"1960","Hungary","65 years or over","Total","Number","890 261",""
"1960","Malta","Total","Total","Number","327 200",""
"1960","Malta","Less than 15 years","Total","Number",":",""
"1960","Malta","65 years or over","Total","Number",":",""
"1960","Netherlands","Total","Total","Number","11 417 254",""
"1960","Netherlands","Less than 15 years","Total","Number","3 423 845",""
"1960","Netherlands","65 years or over","Total","Number","1 018 822",""
"1960","Austria","Total","Total","Number","7 030 385",""
"1960","Austria","Less than 15 years","Total","Number","1 533 943",""
"1960","Austria","65 years or over","Total","Number","853 726",""
"1960","Poland","Total","Total","Number","29 479 900",""
"1960","Poland","Less than 15 years","Total","Number","9 798 300",""
"1960","Poland","65 years or over","Total","Number","1 705 600",""
"1960","Portugal","Total","Total","Number","8 826 040",""
"1960","Portugal","Less than 15 years","Total","Number","2 592 890",""
"1960","Portugal","65 years or over","Total","Number","689 420",""
"1960","Romania","Total","Total","Number","18 319 210",""
"1960","Romania","Less than 15 years","Total","Number",":",""
"1960","Romania","65 years or over","Total","Number",":",""
"1960","Slovenia","Total","Total","Number","1 580 535",""
"1960","Slovenia","Less than 15 years","Total","Number",":",""
"1960","Slovenia","65 years or over","Total","Number",":",""
"1960","Slovakia","Total","Total","Number","3 969 682",""
"1960","Slovakia","Less than 15 years","Total","Number","1 250 942",""
"1960","Slovakia","65 years or over","Total","Number","270 610",""
"1960","Finland","Total","Total","Number","4 413 046",""
"1960","Finland","Less than 15 years","Total","Number","1 353 438",""
"1960","Finland","65 years or over","Total","Number","319 193",""
"1960","Sweden","Total","Total","Number","7 471 345",""
"1960","Sweden","Less than 15 years","Total","Number","1 693 908",""
"1960","Sweden","65 years or over","Total","Number","870 974",""
"1960","Iceland","Total","Total","Number","173 855",""
"1960","Iceland","Less than 15 years","Total","Number","60 540",""
"1960","Iceland","65 years or over","Total","Number","13 930",""
"1960","Liechtenstein","Total","Total","Number","16 274",""
"1960","Liechtenstein","Less than 15 years","Total","Number","4 633",""
"1960","Liechtenstein","65 years or over","Total","Number","1 272",""
"1960","Norway","Total","Total","Number","3 567 707",""
"1960","Norway","Less than 15 years","Total","Number","929 307",""
"1960","Norway","65 years or over","Total","Number","389 669",""
"1960","Switzerland","Total","Total","Number","5 295 500",""
"1960","Switzerland","Less than 15 years","Total","Number","1 278 800",""
"1960","Switzerland","65 years or over","Total","Number","538 800",""
"1960","United Kingdom","Total","Total","Number","52 200 000",""
"1960","United Kingdom","Less than 15 years","Total","Number","12 100 000",""
"1960","United Kingdom","65 years or over","Total","Number","6 100 000",""
"1960","Montenegro","Total","Total","Number",":",""
"1960","Montenegro","Less than 15 years","Total","Number",":",""
"1960","Montenegro","65 years or over","Total","Number",":",""
"1960","North Macedonia","Total","Total","Number","1 384 451",""
"1960","North Macedonia","Less than 15 years","Total","Number",":",""
"1960","North Macedonia","65 years or over","Total","Number",":",""
"1960","Albania","Total","Total","Number","1 583 800",""
"1960","Albania","Less than 15 years","Total","Number",":",""
"1960","Albania","65 years or over","Total","Number",":",""
"1960","Serbia","Total","Total","Number",":",""
"1960","Serbia","Less than 15 years","Total","Number",":",""
"1960","Serbia","65 years or over","Total","Number",":",""
"1960","Turkey","Total","Total","Number","27 119 962",""
"1960","Turkey","Less than 15 years","Total","Number","11 185 600",""
"1960","Turkey","65 years or over","Total","Number","958 148",""
"1960","Andorra","Total","Total","Number",":",""
"1960","Andorra","Less than 15 years","Total","Number",":",""
"1960","Andorra","65 years or over","Total","Number",":",""
"1960","Belarus","Total","Total","Number",":",""
"1960","Belarus","Less than 15 years","Total","Number",":",""
"1960","Belarus","65 years or over","Total","Number",":",""
"1960","Bosnia and Herzegovina","Total","Total","Number","3 212 349",""
"1960","Bosnia and Herzegovina","Less than 15 years","Total","Number",":",""
"1960","Bosnia and Herzegovina","65 years or over","Total","Number",":",""
"1960","Kosovo (under United Nations Security Council Resolution 1244/99)","Total","Total","Number",":",""
"1960","Kosovo (under United Nations Security Council Resolution 1244/99)","Less than 15 years","Total","Number",":",""
"1960","Kosovo (under United Nations Security Council Resolution 1244/99)","65 years or over","Total","Number",":",""
"1960","Moldova","Total","Total","Number",":",""
"1960","Moldova","Less than 15 years","Total","Number",":",""
"1960","Moldova","65 years or over","Total","Number",":",""
"1960","Monaco","Total","Total","Number",":",""
"1960","Monaco","Less than 15 years","Total","Number",":",""
"1960","Monaco","65 years or over","Total","Number",":",""
"1960","Russia","Total","Total","Number",":",""
"1960","Russia","Less than 15 years","Total","Number",":",""
"1960","Russia","65 years or over","Total","Number",":",""
"1960","San Marino","Total","Total","Number",":",""
"1960","San Marino","Less than 15 years","Total","Number",":",""
"1960","San Marino","65 years or over","Total","Number",":",""
"1960","Ukraine","Total","Total","Number",":",""
"1960","Ukraine","Less than 15 years","Total","Number",":",""
"1960","Ukraine","65 years or over","Total","Number",":",""
"1960","Armenia","Total","Total","Number",":",""
"1960","Armenia","Less than 15 years","Total","Number",":",""
"1960","Armenia","65 years or over","Total","Number",":",""
"1960","Azerbaijan","Total","Total","Number",":",""
"1960","Azerbaijan","Less than 15 years","Total","Number",":",""
"1960","Azerbaijan","65 years or over","Total","Number",":",""
"1960","Georgia","Total","Total","Number",":",""
"1960","Georgia","Less than 15 years","Total","Number",":",""
"1960","Georgia","65 years or over","Total","Number",":",""
"1970","Belgium","Total","Total","Number","9 660 154",""
"1970","Belgium","Less than 15 years","Total","Number","2 282 916",""
"1970","Belgium","65 years or over","Total","Number","1 288 936",""
"1970","Bulgaria","Total","Total","Number","8 464 264",""
"1970","Bulgaria","Less than 15 years","Total","Number","1 941 242",""
"1970","Bulgaria","65 years or over","Total","Number","799 727",""
"1970","Czechia","Total","Total","Number","9 906 474",""
"1970","Czechia","Less than 15 years","Total","Number","2 115 048",""
"1970","Czechia","65 years or over","Total","Number","1 183 011",""
"1970","Denmark","Total","Total","Number","4 906 916",""
"1970","Denmark","Less than 15 years","Total","Number","1 149 608",""
"1970","Denmark","65 years or over","Total","Number","597 738",""
"1970","Germany including former GDR","Total","Total","Number","78 269 095",""
"1970","Germany including former GDR","Less than 15 years","Total","Number","18 199 688",""
"1970","Germany including former GDR","65 years or over","Total","Number","10 585 440",""
"1970","Estonia","Total","Total","Number","1 351 640",""
"1970","Estonia","Less than 15 years","Total","Number","298 293",""
"1970","Estonia","65 years or over","Total","Number","157 840",""
"1970","Ireland","Total","Total","Number","2 943 300",""
"1970","Ireland","Less than 15 years","Total","Number","919 100",""
"1970","Ireland","65 years or over","Total","Number","327 800",""
"1970","Greece","Total","Total","Number","8 780 514",""
"1970","Greece","Less than 15 years","Total","Number","2 127 433",""
"1970","Greece","65 years or over","Total","Number","974 365",""
"1970","Spain","Total","Total","Number","33 587 610",""
"1970","Spain","Less than 15 years","Total","Number","9 315 415",""
"1970","Spain","65 years or over","Total","Number","3 200 856",""
"1970","France","Total","Total","Number",":",""
"1970","France","Less than 15 years","Total","Number",":",""
"1970","France","65 years or over","Total","Number",":",""
"1970","Croatia","Total","Total","Number","4 403 352",""
"1970","Croatia","Less than 15 years","Total","Number",":",""
"1970","Croatia","65 years or over","Total","Number",":",""
"1970","Italy","Total","Total","Number","53 685 300",""
"1970","Italy","Less than 15 years","Total","Number","13 204 700",""
"1970","Italy","65 years or over","Total","Number","5 782 000",""
"1970","Cyprus","Total","Total","Number","612 000",""
"1970","Cyprus","Less than 15 years","Total","Number",":",""
"1970","Cyprus","65 years or over","Total","Number",":",""
"1970","Latvia","Total","Total","Number","2 351 903",""
"1970","Latvia","Less than 15 years","Total","Number","511 454",""
"1970","Latvia","65 years or over","Total","Number","280 849",""
"1970","Lithuania","Total","Total","Number","3 118 941",""
"1970","Lithuania","Less than 15 years","Total","Number","846 973",""
"1970","Lithuania","65 years or over","Total","Number","311 248",""
"1970","Luxembourg","Total","Total","Number","338 507",""
"1970","Luxembourg","Less than 15 years","Total","Number","74 935",""
"1970","Luxembourg","65 years or over","Total","Number","42 190",""
"1970","Hungary","Total","Total","Number","10 322 099",""
"1970","Hungary","Less than 15 years","Total","Number","2 176 507",""
"1970","Hungary","65 years or over","Total","Number","1 184 498",""
"1970","Malta","Total","Total","Number","302 500",""
"1970","Malta","Less than 15 years","Total","Number",":",""
"1970","Malta","65 years or over","Total","Number",":",""
"1970","Netherlands","Total","Total","Number","12 957 621",""
"1970","Netherlands","Less than 15 years","Total","Number","3 548 951",""
"1970","Netherlands","65 years or over","Total","Number","1 310 975",""
"1970","Austria","Total","Total","Number","7 455 142",""
"1970","Austria","Less than 15 years","Total","Number","1 816 090",""
"1970","Austria","65 years or over","Total","Number","1 044 133",""
"1970","Poland","Total","Total","Number","32 670 600",""
"1970","Poland","Less than 15 years","Total","Number","8 877 500",""
"1970","Poland","65 years or over","Total","Number","2 670 400",""
"1970","Portugal","Total","Total","Number","8 697 610",""
"1970","Portugal","Less than 15 years","Total","Number","2 519 270",""
"1970","Portugal","65 years or over","Total","Number","799 990",""
"1970","Romania","Total","Total","Number","20 139 603",""
"1970","Romania","Less than 15 years","Total","Number","5 242 358",""
"1970","Romania","65 years or over","Total","Number","1 719 369",""
"1970","Slovenia","Total","Total","Number","1 717 995",""
"1970","Slovenia","Less than 15 years","Total","Number",":",""
"1970","Slovenia","65 years or over","Total","Number",":",""
"1970","Slovakia","Total","Total","Number","4 536 555",""
"1970","Slovakia","Less than 15 years","Total","Number","1 248 399",""
"1970","Slovakia","65 years or over","Total","Number","412 764",""
"1970","Finland","Total","Total","Number","4 614 277",""
"1970","Finland","Less than 15 years","Total","Number","1 149 476",""
"1970","Finland","65 years or over","Total","Number","415 500",""
"1970","Sweden","Total","Total","Number","8 004 371",""
"1970","Sweden","Less than 15 years","Total","Number","1 670 852",""
"1970","Sweden","65 years or over","Total","Number","1 085 580",""
"1970","Iceland","Total","Total","Number","204 042",""
"1970","Iceland","Less than 15 years","Total","Number","67 130",""
"1970","Iceland","65 years or over","Total","Number","17 861",""
"1970","Liechtenstein","Total","Total","Number","20 930",""
"1970","Liechtenstein","Less than 15 years","Total","Number",":",""
"1970","Liechtenstein","65 years or over","Total","Number",":",""
"1970","Norway","Total","Total","Number","3 863 221",""
"1970","Norway","Less than 15 years","Total","Number","947 758",""
"1970","Norway","65 years or over","Total","Number","494 277",""
"1970","Switzerland","Total","Total","Number","6 168 700",""
"1970","Switzerland","Less than 15 years","Total","Number","1 464 004",""
"1970","Switzerland","65 years or over","Total","Number","692 813",""
"1970","United Kingdom","Total","Total","Number","55 546 400",""
"1970","United Kingdom","Less than 15 years","Total","Number","13 364 800",""
"1970","United Kingdom","65 years or over","Total","Number","7 186 100",""
"1970","Montenegro","Total","Total","Number",":",""
"1970","Montenegro","Less than 15 years","Total","Number",":",""
"1970","Montenegro","65 years or over","Total","Number",":",""
"1970","North Macedonia","Total","Total","Number","1 616 769",""
"1970","North Macedonia","Less than 15 years","Total","Number",":",""
"1970","North Macedonia","65 years or over","Total","Number",":",""
"1970","Albania","Total","Total","Number","2 110 612",""
"1970","Albania","Less than 15 years","Total","Number",":",""
"1970","Albania","65 years or over","Total","Number",":",""
"1970","Serbia","Total","Total","Number",":",""
"1970","Serbia","Less than 15 years","Total","Number",":",""
"1970","Serbia","65 years or over","Total","Number",":",""
"1970","Turkey","Total","Total","Number","34 880 611",""
"1970","Turkey","Less than 15 years","Total","Number","14 579 256",""
"1970","Turkey","65 years or over","Total","Number","1 534 008",""
"1970","Andorra","Total","Total","Number",":",""
"1970","Andorra","Less than 15 years","Total","Number",":",""
"1970","Andorra","65 years or over","Total","Number",":",""
"1970","Belarus","Total","Total","Number",":",""
"1970","Belarus","Less than 15 years","Total","Number",":",""
"1970","Belarus","65 years or over","Total","Number",":",""
"1970","Bosnia and Herzegovina","Total","Total","Number","3 685 694",""
"1970","Bosnia and Herzegovina","Less than 15 years","Total","Number",":",""
"1970","Bosnia and Herzegovina","65 years or over","Total","Number",":",""
"1970","Kosovo (under United Nations Security Council Resolution 1244/99)","Total","Total","Number",":",""
"1970","Kosovo (under United Nations Security Council Resolution 1244/99)","Less than 15 years","Total","Number",":",""
"1970","Kosovo (under United Nations Security Council Resolution 1244/99)","65 years or over","Total","Number",":",""
"1970","Moldova","Total","Total","Number",":",""
"1970","Moldova","Less than 15 years","Total","Number",":",""
"1970","Moldova","65 years or over","Total","Number",":",""
"1970","Monaco","Total","Total","Number",":",""
"1970","Monaco","Less than 15 years","Total","Number",":",""
"1970","Monaco","65 years or over","Total","Number",":",""
"1970","Russia","Total","Total","Number",":",""
"1970","Russia","Less than 15 years","Total","Number",":",""
"1970","Russia","65 years or over","Total","Number",":",""
"1970","San Marino","Total","Total","Number",":",""
"1970","San Marino","Less than 15 years","Total","Number",":",""
"1970","San Marino","65 years or over","Total","Number",":",""
"1970","Ukraine","Total","Total","Number",":",""
"1970","Ukraine","Less than 15 years","Total","Number",":",""
"1970","Ukraine","65 years or over","Total","Number",":",""
"1970","Armenia","Total","Total","Number",":",""
"1970","Armenia","Less than 15 years","Total","Number",":",""
"1970","Armenia","65 years or over","Total","Number",":",""
"1970","Azerbaijan","Total","Total","Number",":",""
"1970","Azerbaijan","Less than 15 years","Total","Number",":",""
"1970","Azerbaijan","65 years or over","Total","Number",":",""
"1970","Georgia","Total","Total","Number",":",""
"1970","Georgia","Less than 15 years","Total","Number",":",""
"1970","Georgia","65 years or over","Total","Number",":",""
"1980","Belgium","Total","Total","Number","9 855 110",""
"1980","Belgium","Less than 15 years","Total","Number","1 998 843",""
"1980","Belgium","65 years or over","Total","Number","1 410 115",""
"1980","Bulgaria","Total","Total","Number","8 846 417",""
"1980","Bulgaria","Less than 15 years","Total","Number","1 959 681",""
"1980","Bulgaria","65 years or over","Total","Number","1 040 425",""
"1980","Czechia","Total","Total","Number","10 315 669",""
"1980","Czechia","Less than 15 years","Total","Number","2 407 530",""
"1980","Czechia","65 years or over","Total","Number","1 403 411",""
"1980","Denmark","Total","Total","Number","5 122 065",""
"1980","Denmark","Less than 15 years","Total","Number","1 081 431",""
"1980","Denmark","65 years or over","Total","Number","734 737",""
"1980","Germany including former GDR","Total","Total","Number","78 179 662",""
"1980","Germany including former GDR","Less than 15 years","Total","Number","14 667 785",""
"1980","Germany including former GDR","65 years or over","Total","Number","12 264 983",""
"1980","Estonia","Total","Total","Number","1 472 190",""
"1980","Estonia","Less than 15 years","Total","Number","317 838",""
"1980","Estonia","65 years or over","Total","Number","184 592",""
"1980","Ireland","Total","Total","Number","3 392 800",""
"1980","Ireland","Less than 15 years","Total","Number","1 034 089",""
"1980","Ireland","65 years or over","Total","Number","363 734",""
"1980","Greece","Total","Total","Number","9 584 184",""
"1980","Greece","Less than 15 years","Total","Number","2 212 556",""
"1980","Greece","65 years or over","Total","Number","1 256 762",""
"1980","Spain","Total","Total","Number","37 346 940",""
"1980","Spain","Less than 15 years","Total","Number","9 778 853",""
"1980","Spain","65 years or over","Total","Number","4 128 274",""
"1980","France","Total","Total","Number",":",""
"1980","France","Less than 15 years","Total","Number",":",""
"1980","France","65 years or over","Total","Number",":",""
"1980","Croatia","Total","Total","Number","4 598 095",""
"1980","Croatia","Less than 15 years","Total","Number",":",""
"1980","Croatia","65 years or over","Total","Number",":",""
"1980","Italy","Total","Total","Number","56 388 480",""
"1980","Italy","Less than 15 years","Total","Number","12 725 291",""
"1980","Italy","65 years or over","Total","Number","7 366 042",""
"1980","Cyprus","Total","Total","Number","505 800",""
"1980","Cyprus","Less than 15 years","Total","Number",":",""
"1980","Cyprus","65 years or over","Total","Number",":",""
"1980","Latvia","Total","Total","Number","2 508 761",""
"1980","Latvia","Less than 15 years","Total","Number","512 659",""
"1980","Latvia","65 years or over","Total","Number","326 938",""
"1980","Lithuania","Total","Total","Number","3 404 194",""
"1980","Lithuania","Less than 15 years","Total","Number","801 943",""
"1980","Lithuania","65 years or over","Total","Number","385 495",""
"1980","Luxembourg","Total","Total","Number","363 450",""
"1980","Luxembourg","Less than 15 years","Total","Number","68 887",""
"1980","Luxembourg","65 years or over","Total","Number","49 625",""
"1980","Hungary","Total","Total","Number","10 709 463",""
"1980","Hungary","Less than 15 years","Total","Number","2 341 173",""
"1980","Hungary","65 years or over","Total","Number","1 449 446",""
"1980","Malta","Total","Total","Number","315 262",""
"1980","Malta","Less than 15 years","Total","Number","76 596",""
"1980","Malta","65 years or over","Total","Number","26 506",""
"1980","Netherlands","Total","Total","Number","14 091 014",""
"1980","Netherlands","Less than 15 years","Total","Number","3 184 120",""
"1980","Netherlands","65 years or over","Total","Number","1 615 324",""
"1980","Austria","Total","Total","Number","7 545 539",""
"1980","Austria","Less than 15 years","Total","Number","1 558 673",""
"1980","Austria","65 years or over","Total","Number","1 169 722",""
"1980","Poland","Total","Total","Number","35 413 434",""
"1980","Poland","Less than 15 years","Total","Number","8 549 596",""
"1980","Poland","65 years or over","Total","Number","3 610 334",""
"1980","Portugal","Total","Total","Number","9 713 570",""
"1980","Portugal","Less than 15 years","Total","Number","2 534 050",""
"1980","Portugal","65 years or over","Total","Number","1 085 480",""
"1980","Romania","Total","Total","Number","22 132 670",""
"1980","Romania","Less than 15 years","Total","Number","5 882 941",""
"1980","Romania","65 years or over","Total","Number","2 278 229",""
"1980","Slovenia","Total","Total","Number","1 893 064",""
"1980","Slovenia","Less than 15 years","Total","Number",":",""
"1980","Slovenia","65 years or over","Total","Number",":",""
"1980","Slovakia","Total","Total","Number","4 963 301",""
"1980","Slovakia","Less than 15 years","Total","Number","1 296 182",""
"1980","Slovakia","65 years or over","Total","Number","523 883",""
"1980","Finland","Total","Total","Number","4 771 292",""
"1980","Finland","Less than 15 years","Total","Number","976 009",""
"1980","Finland","65 years or over","Total","Number","567 578",""
"1980","Sweden","Total","Total","Number","8 303 094",""
"1980","Sweden","Less than 15 years","Total","Number","1 641 354",""
"1980","Sweden","65 years or over","Total","Number","1 345 399",""
"1980","Iceland","Total","Total","Number","226 948",""
"1980","Iceland","Less than 15 years","Total","Number","62 833",""
"1980","Iceland","65 years or over","Total","Number","22 303",""
"1980","Liechtenstein","Total","Total","Number","25 809",""
"1980","Liechtenstein","Less than 15 years","Total","Number","5 849",""
"1980","Liechtenstein","65 years or over","Total","Number","2 279",""
"1980","Norway","Total","Total","Number","4 078 900",""
"1980","Norway","Less than 15 years","Total","Number","912 487",""
"1980","Norway","65 years or over","Total","Number","598 048",""
"1980","Switzerland","Total","Total","Number","6 303 573",""
"1980","Switzerland","Less than 15 years","Total","Number","1 260 751",""
"1980","Switzerland","65 years or over","Total","Number","870 982",""
"1980","United Kingdom","Total","Total","Number","56 284 863",""
"1980","United Kingdom","Less than 15 years","Total","Number","11 948 082",""
"1980","United Kingdom","65 years or over","Total","Number","8 370 330",""
"1980","Montenegro","Total","Total","Number",":",""
"1980","Montenegro","Less than 15 years","Total","Number",":",""
"1980","Montenegro","65 years or over","Total","Number",":",""
"1980","North Macedonia","Total","Total","Number","1 878 067",""
"1980","North Macedonia","Less than 15 years","Total","Number",":",""
"1980","North Macedonia","65 years or over","Total","Number",":",""
"1980","Albania","Total","Total","Number","2 645 198",""
"1980","Albania","Less than 15 years","Total","Number",":",""
"1980","Albania","65 years or over","Total","Number",":",""
"1980","Serbia","Total","Total","Number",":",""
"1980","Serbia","Less than 15 years","Total","Number",":",""
"1980","Serbia","65 years or over","Total","Number",":",""
"1980","Turkey","Total","Total","Number","44 021 146",""
"1980","Turkey","Less than 15 years","Total","Number","17 220 023",""
"1980","Turkey","65 years or over","Total","Number","2 086 735",""
"1980","Andorra","Total","Total","Number",":",""
"1980","Andorra","Less than 15 years","Total","Number",":",""
"1980","Andorra","65 years or over","Total","Number",":",""
"1980","Belarus","Total","Total","Number",":",""
"1980","Belarus","Less than 15 years","Total","Number",":",""
"1980","Belarus","65 years or over","Total","Number",":",""
"1980","Bosnia and Herzegovina","Total","Total","Number","4 136 941",""
"1980","Bosnia and Herzegovina","Less than 15 years","Total","Number",":",""
"1980","Bosnia and Herzegovina","65 years or over","Total","Number",":",""
"1980","Kosovo (under United Nations Security Council Resolution 1244/99)","Total","Total","Number",":",""
"1980","Kosovo (under United Nations Security Council Resolution 1244/99)","Less than 15 years","Total","Number",":",""
"1980","Kosovo (under United Nations Security Council Resolution 1244/99)","65 years or over","Total","Number",":",""
"1980","Moldova","Total","Total","Number",":",""
"1980","Moldova","Less than 15 years","Total","Number",":",""
"1980","Moldova","65 years or over","Total","Number",":",""
"1980","Monaco","Total","Total","Number",":",""
"1980","Monaco","Less than 15 years","Total","Number",":",""
"1980","Monaco","65 years or over","Total","Number",":",""
"1980","Russia","Total","Total","Number",":",""
"1980","Russia","Less than 15 years","Total","Number",":",""
"1980","Russia","65 years or over","Total","Number",":",""
"1980","San Marino","Total","Total","Number",":",""
"1980","San Marino","Less than 15 years","Total","Number",":",""
"1980","San Marino","65 years or over","Total","Number",":",""
"1980","Ukraine","Total","Total","Number",":",""
"1980","Ukraine","Less than 15 years","Total","Number",":",""
"1980","Ukraine","65 years or over","Total","Number",":",""
"1980","Armenia","Total","Total","Number",":",""
"1980","Armenia","Less than 15 years","Total","Number",":",""
"1980","Armenia","65 years or over","Total","Number",":",""
"1980","Azerbaijan","Total","Total","Number",":",""
"1980","Azerbaijan","Less than 15 years","Total","Number",":",""
"1980","Azerbaijan","65 years or over","Total","Number",":",""
"1980","Georgia","Total","Total","Number",":",""
"1980","Georgia","Less than 15 years","Total","Number",":",""
"1980","Georgia","65 years or over","Total","Number",":",""
"1990","Belgium","Total","Total","Number","9 947 782",""
"1990","Belgium","Less than 15 years","Total","Number","1 801 160",""
"1990","Belgium","65 years or over","Total","Number","1 474 059",""
"1990","Bulgaria","Total","Total","Number","8 767 308",""
"1990","Bulgaria","Less than 15 years","Total","Number","1 800 967",""
"1990","Bulgaria","65 years or over","Total","Number","1 136 266",""
"1990","Czechia","Total","Total","Number","10 362 102",""
"1990","Czechia","Less than 15 years","Total","Number","2 252 709",""
"1990","Czechia","65 years or over","Total","Number","1 292 022",""
"1990","Denmark","Total","Total","Number","5 135 409",""
"1990","Denmark","Less than 15 years","Total","Number","880 557",""
"1990","Denmark","65 years or over","Total","Number","800 384",""
"1990","Germany including former GDR","Total","Total","Number","79 112 831",""
"1990","Germany including former GDR","Less than 15 years","Total","Number","12 638 549",""
"1990","Germany including former GDR","65 years or over","Total","Number","11 794 310",""
"1990","Estonia","Total","Total","Number","1 570 599",""
"1990","Estonia","Less than 15 years","Total","Number","350 134",""
"1990","Estonia","65 years or over","Total","Number","181 605",""
"1990","Ireland","Total","Total","Number","3 506 970",""
"1990","Ireland","Less than 15 years","Total","Number","959 360",""
"1990","Ireland","65 years or over","Total","Number","399 422",""
"1990","Greece","Total","Total","Number","10 120 892",""
"1990","Greece","Less than 15 years","Total","Number","1 978 064",""
"1990","Greece","65 years or over","Total","Number","1 382 370",""
"1990","Spain","Total","Total","Number","38 853 227",""
"1990","Spain","Less than 15 years","Total","Number","7 876 849",""
"1990","Spain","65 years or over","Total","Number","5 210 687",""
"1990","France","Total","Total","Number",":",""
"1990","France","Less than 15 years","Total","Number",":",""
"1990","France","65 years or over","Total","Number",":",""
"1990","Croatia","Total","Total","Number","4 772 556","e"
"1990","Croatia","Less than 15 years","Total","Number",":",""
"1990","Croatia","65 years or over","Total","Number",":",""
"1990","Italy","Total","Total","Number","56 694 360",""
"1990","Italy","Less than 15 years","Total","Number","9 521 317",""
"1990","Italy","65 years or over","Total","Number","8 343 682",""
"1990","Cyprus","Total","Total","Number","572 655",""
"1990","Cyprus","Less than 15 years","Total","Number","148 998",""
"1990","Cyprus","65 years or over","Total","Number","62 117",""
"1990","Latvia","Total","Total","Number","2 668 140",""
"1990","Latvia","Less than 15 years","Total","Number","571 823",""
"1990","Latvia","65 years or over","Total","Number","315 390",""
"1990","Lithuania","Total","Total","Number","3 693 708",""
"1990","Lithuania","Less than 15 years","Total","Number","833 615",""
"1990","Lithuania","65 years or over","Total","Number","399 454",""
"1990","Luxembourg","Total","Total","Number","379 300",""
"1990","Luxembourg","Less than 15 years","Total","Number","65 400",""
"1990","Luxembourg","65 years or over","Total","Number","50 814",""
"1990","Hungary","Total","Total","Number","10 374 823",""
"1990","Hungary","Less than 15 years","Total","Number","2 130 549",""
"1990","Hungary","65 years or over","Total","Number","1 373 922",""
"1990","Malta","Total","Total","Number","352 430",""
"1990","Malta","Less than 15 years","Total","Number","83 206",""
"1990","Malta","65 years or over","Total","Number","36 529",""
"1990","Netherlands","Total","Total","Number","14 892 574",""
"1990","Netherlands","Less than 15 years","Total","Number","2 714 869",""
"1990","Netherlands","65 years or over","Total","Number","1 905 624",""
"1990","Austria","Total","Total","Number","7 644 818",""
"1990","Austria","Less than 15 years","Total","Number","1 340 304",""
"1990","Austria","65 years or over","Total","Number","1 139 841",""
"1990","Poland","Total","Total","Number","38 038 403",""
"1990","Poland","Less than 15 years","Total","Number","9 612 920",""
"1990","Poland","65 years or over","Total","Number","3 785 663",""
"1990","Portugal","Total","Total","Number","9 995 995",""
"1990","Portugal","Less than 15 years","Total","Number","2 081 440",""
"1990","Portugal","65 years or over","Total","Number","1 321 505",""
"1990","Romania","Total","Total","Number","23 211 395",""
"1990","Romania","Less than 15 years","Total","Number","5 508 479",""
"1990","Romania","65 years or over","Total","Number","2 383 435",""
"1990","Slovenia","Total","Total","Number","1 996 377",""
"1990","Slovenia","Less than 15 years","Total","Number","418 239",""
"1990","Slovenia","65 years or over","Total","Number","211 606",""
"1990","Slovakia","Total","Total","Number","5 287 663",""
"1990","Slovakia","Less than 15 years","Total","Number","1 345 965",""
"1990","Slovakia","65 years or over","Total","Number","542 915",""
"1990","Finland","Total","Total","Number","4 974 383",""
"1990","Finland","Less than 15 years","Total","Number","962 269",""
"1990","Finland","65 years or over","Total","Number","661 732",""
"1990","Sweden","Total","Total","Number","8 527 039",""
"1990","Sweden","Less than 15 years","Total","Number","1 521 849",""
"1990","Sweden","65 years or over","Total","Number","1 517 620",""
"1990","Iceland","Total","Total","Number","253 785",""
"1990","Iceland","Less than 15 years","Total","Number","63 446",""
"1990","Iceland","65 years or over","Total","Number","26 838",""
"1990","Liechtenstein","Total","Total","Number","28 452",""
"1990","Liechtenstein","Less than 15 years","Total","Number","5 514",""
"1990","Liechtenstein","65 years or over","Total","Number","2 850",""
"1990","Norway","Total","Total","Number","4 233 116",""
"1990","Norway","Less than 15 years","Total","Number","800 912",""
"1990","Norway","65 years or over","Total","Number","690 889",""
"1990","Switzerland","Total","Total","Number","6 673 850",""
"1990","Switzerland","Less than 15 years","Total","Number","1 136 550",""
"1990","Switzerland","65 years or over","Total","Number","972 411",""
"1990","United Kingdom","Total","Total","Number","57 156 972",""
"1990","United Kingdom","Less than 15 years","Total","Number","10 833 016",""
"1990","United Kingdom","65 years or over","Total","Number","8 983 802",""
"1990","Montenegro","Total","Total","Number",":",""
"1990","Montenegro","Less than 15 years","Total","Number",":",""
"1990","Montenegro","65 years or over","Total","Number",":",""
"1990","North Macedonia","Total","Total","Number","1 873 109",""
"1990","North Macedonia","Less than 15 years","Total","Number",":",""
"1990","North Macedonia","65 years or over","Total","Number",":",""
"1990","Albania","Total","Total","Number","3 286 500",""
"1990","Albania","Less than 15 years","Total","Number",":",""
"1990","Albania","65 years or over","Total","Number",":",""
"1990","Serbia","Total","Total","Number",":",""
"1990","Serbia","Less than 15 years","Total","Number",":",""
"1990","Serbia","65 years or over","Total","Number",":",""
"1990","Turkey","Total","Total","Number","55 494 711",""
"1990","Turkey","Less than 15 years","Total","Number","19 418 643",""
"1990","Turkey","65 years or over","Total","Number","2 377 308",""
"1990","Andorra","Total","Total","Number","50 887",""
"1990","Andorra","Less than 15 years","Total","Number","9 263",""
"1990","Andorra","65 years or over","Total","Number","4 916",""
"1990","Belarus","Total","Total","Number",":",""
"1990","Belarus","Less than 15 years","Total","Number",":",""
"1990","Belarus","65 years or over","Total","Number",":",""
"1990","Bosnia and Herzegovina","Total","Total","Number","4 499 203",""
"1990","Bosnia and Herzegovina","Less than 15 years","Total","Number",":",""
"1990","Bosnia and Herzegovina","65 years or over","Total","Number",":",""
"1990","Kosovo (under United Nations Security Council Resolution 1244/99)","Total","Total","Number",":",""
"1990","Kosovo (under United Nations Security Council Resolution 1244/99)","Less than 15 years","Total","Number",":",""
"1990","Kosovo (under United Nations Security Council Resolution 1244/99)","65 years or over","Total","Number",":",""
"1990","Moldova","Total","Total","Number",":",""
"1990","Moldova","Less than 15 years","Total","Number",":",""
"1990","Moldova","65 years or over","Total","Number",":",""
"1990","Monaco","Total","Total","Number",":",""
"1990","Monaco","Less than 15 years","Total","Number",":",""
"1990","Monaco","65 years or over","Total","Number",":",""
"1990","Russia","Total","Total","Number",":",""
"1990","Russia","Less than 15 years","Total","Number",":",""
"1990","Russia","65 years or over","Total","Number",":",""
"1990","San Marino","Total","Total","Number",":",""
"1990","San Marino","Less than 15 years","Total","Number",":",""
"1990","San Marino","65 years or over","Total","Number",":",""
"1990","Ukraine","Total","Total","Number",":",""
"1990","Ukraine","Less than 15 years","Total","Number",":",""
"1990","Ukraine","65 years or over","Total","Number",":",""
"1990","Armenia","Total","Total","Number",":",""
"1990","Armenia","Less than 15 years","Total","Number",":",""
"1990","Armenia","65 years or over","Total","Number",":",""
"1990","Azerbaijan","Total","Total","Number",":",""
"1990","Azerbaijan","Less than 15 years","Total","Number",":",""
"1990","Azerbaijan","65 years or over","Total","Number",":",""
"1990","Georgia","Total","Total","Number",":",""
"1990","Georgia","Less than 15 years","Total","Number",":",""
"1990","Georgia","65 years or over","Total","Number",":",""
"2000","Belgium","Total","Total","Number","10 239 085",""
"2000","Belgium","Less than 15 years","Total","Number","1 804 785",""
"2000","Belgium","65 years or over","Total","Number","1 715 093",""
"2000","Bulgaria","Total","Total","Number","8 190 876",""
"2000","Bulgaria","Less than 15 years","Total","Number","1 300 907",""
"2000","Bulgaria","65 years or over","Total","Number","1 324 804",""
"2000","Czechia","Total","Total","Number","10 278 098",""
"2000","Czechia","Less than 15 years","Total","Number","1 707 205",""
"2000","Czechia","65 years or over","Total","Number","1 418 078",""
"2000","Denmark","Total","Total","Number","5 330 020",""
"2000","Denmark","Less than 15 years","Total","Number","981 148",""
"2000","Denmark","65 years or over","Total","Number","790 402",""
"2000","Germany including former GDR","Total","Total","Number","82 163 475",""
"2000","Germany including former GDR","Less than 15 years","Total","Number","12 897 014",""
"2000","Germany including former GDR","65 years or over","Total","Number","13 351 252",""
"2000","Estonia","Total","Total","Number","1 401 250",""
"2000","Estonia","Less than 15 years","Total","Number","250 340",""
"2000","Estonia","65 years or over","Total","Number","208 210",""
"2000","Ireland","Total","Total","Number","3 777 565",""
"2000","Ireland","Less than 15 years","Total","Number","828 647",""
"2000","Ireland","65 years or over","Total","Number","423 994",""
"2000","Greece","Total","Total","Number","10 775 627",""
"2000","Greece","Less than 15 years","Total","Number","1 585 947",""
"2000","Greece","65 years or over","Total","Number","1 868 700",""
"2000","Spain","Total","Total","Number","40 470 182",""
"2000","Spain","Less than 15 years","Total","Number","5 991 174",""
"2000","Spain","65 years or over","Total","Number","6 691 691",""
"2000","France","Total","Total","Number","60 545 022",""
"2000","France","Less than 15 years","Total","Number","11 568 381",""
"2000","France","65 years or over","Total","Number","9 574 811",""
"2000","Croatia","Total","Total","Number","4 497 735","e"
"2000","Croatia","Less than 15 years","Total","Number",":",""
"2000","Croatia","65 years or over","Total","Number",":",""
"2000","Italy","Total","Total","Number","56 923 524",""
"2000","Italy","Less than 15 years","Total","Number","8 144 815",""
"2000","Italy","65 years or over","Total","Number","10 310 206",""
"2000","Cyprus","Total","Total","Number","690 497",""
"2000","Cyprus","Less than 15 years","Total","Number","157 407",""
"2000","Cyprus","65 years or over","Total","Number","77 452",""
"2000","Latvia","Total","Total","Number","2 381 715",""
"2000","Latvia","Less than 15 years","Total","Number","428 082",""
"2000","Latvia","65 years or over","Total","Number","353 316",""
"2000","Lithuania","Total","Total","Number","3 512 074",""
"2000","Lithuania","Less than 15 years","Total","Number","709 990",""
"2000","Lithuania","65 years or over","Total","Number","482 622",""
"2000","Luxembourg","Total","Total","Number","433 600",""
"2000","Luxembourg","Less than 15 years","Total","Number","82 088",""
"2000","Luxembourg","65 years or over","Total","Number","61 904",""
"2000","Hungary","Total","Total","Number","10 221 644",""
"2000","Hungary","Less than 15 years","Total","Number","1 729 248",""
"2000","Hungary","65 years or over","Total","Number","1 531 074",""
"2000","Malta","Total","Total","Number","388 759",""
"2000","Malta","Less than 15 years","Total","Number","77 487",""
"2000","Malta","65 years or over","Total","Number","46 022",""
"2000","Netherlands","Total","Total","Number","15 863 950",""
"2000","Netherlands","Less than 15 years","Total","Number","2 945 543",""
"2000","Netherlands","65 years or over","Total","Number","2 152 442",""
"2000","Austria","Total","Total","Number","8 002 186",""
"2000","Austria","Less than 15 years","Total","Number","1 371 750",""
"2000","Austria","65 years or over","Total","Number","1 233 667",""
"2000","Poland","Total","Total","Number","38 263 303","b"
"2000","Poland","Less than 15 years","Total","Number","7 581 925",""
"2000","Poland","65 years or over","Total","Number","4 644 071",""
"2000","Portugal","Total","Total","Number","10 249 022",""
"2000","Portugal","Less than 15 years","Total","Number","1 691 266",""
"2000","Portugal","65 years or over","Total","Number","1 642 876",""
"2000","Romania","Total","Total","Number","22 455 485",""
"2000","Romania","Less than 15 years","Total","Number","4 159 567",""
"2000","Romania","65 years or over","Total","Number","2 961 411",""
"2000","Slovenia","Total","Total","Number","1 987 755",""
"2000","Slovenia","Less than 15 years","Total","Number","320 374",""
"2000","Slovenia","65 years or over","Total","Number","275 400",""
"2000","Slovakia","Total","Total","Number","5 398 657",""
"2000","Slovakia","Less than 15 years","Total","Number","1 069 374",""
"2000","Slovakia","65 years or over","Total","Number","615 187",""
"2000","Finland","Total","Total","Number","5 171 302",""
"2000","Finland","Less than 15 years","Total","Number","943 001",""
"2000","Finland","65 years or over","Total","Number","767 168",""
"2000","Sweden","Total","Total","Number","8 861 426",""
"2000","Sweden","Less than 15 years","Total","Number","1 639 701",""
"2000","Sweden","65 years or over","Total","Number","1 532 555",""
"2000","Iceland","Total","Total","Number","279 049",""
"2000","Iceland","Less than 15 years","Total","Number","65 082",""
"2000","Iceland","65 years or over","Total","Number","32 308",""
"2000","Liechtenstein","Total","Total","Number","32 426",""
"2000","Liechtenstein","Less than 15 years","Total","Number","6 048",""
"2000","Liechtenstein","65 years or over","Total","Number","3 397",""
"2000","Norway","Total","Total","Number","4 478 497",""
"2000","Norway","Less than 15 years","Total","Number","894 717",""
"2000","Norway","65 years or over","Total","Number","683 032",""
"2000","Switzerland","Total","Total","Number","7 164 444",""
"2000","Switzerland","Less than 15 years","Total","Number","1 248 972",""
"2000","Switzerland","65 years or over","Total","Number","1 094 263",""
"2000","United Kingdom","Total","Total","Number","58 785 246",""
"2000","United Kingdom","Less than 15 years","Total","Number","11 244 193",""
"2000","United Kingdom","65 years or over","Total","Number","9 292 654",""
"2000","Montenegro","Total","Total","Number","603 152",""
"2000","Montenegro","Less than 15 years","Total","Number","126 701",""
"2000","Montenegro","65 years or over","Total","Number","73 722",""
"2000","North Macedonia","Total","Total","Number","2 021 578",""
"2000","North Macedonia","Less than 15 years","Total","Number","455 149",""
"2000","North Macedonia","65 years or over","Total","Number","199 085",""
"2000","Albania","Total","Total","Number","3 058 497",""
"2000","Albania","Less than 15 years","Total","Number",":",""
"2000","Albania","65 years or over","Total","Number",":",""
"2000","Serbia","Total","Total","Number","7 527 952",""
"2000","Serbia","Less than 15 years","Total","Number","1 248 270",""
"2000","Serbia","65 years or over","Total","Number","1 201 046",""
"2000","Turkey","Total","Total","Number","66 889 425",""
"2000","Turkey","Less than 15 years","Total","Number","20 131 424",""
"2000","Turkey","65 years or over","Total","Number","3 580 720",""
"2000","Andorra","Total","Total","Number","65 971",""
"2000","Andorra","Less than 15 years","Total","Number","10 132",""
"2000","Andorra","65 years or over","Total","Number","7 977",""
"2000","Belarus","Total","Total","Number","10 019 480",""
"2000","Belarus","Less than 15 years","Total","Number",":",""
"2000","Belarus","65 years or over","Total","Number",":",""
"2000","Bosnia and Herzegovina","Total","Total","Number","3 753 085","e"
"2000","Bosnia and Herzegovina","Less than 15 years","Total","Number",":",""
"2000","Bosnia and Herzegovina","65 years or over","Total","Number",":",""
"2000","Kosovo (under United Nations Security Council Resolution 1244/99)","Total","Total","Number",":",""
"2000","Kosovo (under United Nations Security Council Resolution 1244/99)","Less than 15 years","Total","Number",":",""
"2000","Kosovo (under United Nations Security Council Resolution 1244/99)","65 years or over","Total","Number",":",""
"2000","Moldova","Total","Total","Number","3 644 070",""
"2000","Moldova","Less than 15 years","Total","Number",":",""
"2000","Moldova","65 years or over","Total","Number",":",""
"2000","Monaco","Total","Total","Number",":",""
"2000","Monaco","Less than 15 years","Total","Number",":",""
"2000","Monaco","65 years or over","Total","Number",":",""
"2000","Russia","Total","Total","Number","146 890 128",""
"2000","Russia","Less than 15 years","Total","Number",":",""
"2000","Russia","65 years or over","Total","Number",":",""
"2000","San Marino","Total","Total","Number",":",""
"2000","San Marino","Less than 15 years","Total","Number",":",""
"2000","San Marino","65 years or over","Total","Number",":",""
"2000","Ukraine","Total","Total","Number","49 114 950",""
"2000","Ukraine","Less than 15 years","Total","Number",":",""
"2000","Ukraine","65 years or over","Total","Number",":",""
"2000","Armenia","Total","Total","Number","3 226 900",""
"2000","Armenia","Less than 15 years","Total","Number",":",""
"2000","Armenia","65 years or over","Total","Number",":",""
"2000","Azerbaijan","Total","Total","Number","8 016 200",""
"2000","Azerbaijan","Less than 15 years","Total","Number",":",""
"2000","Azerbaijan","65 years or over","Total","Number",":",""
"2000","Georgia","Total","Total","Number","4 435 200","e"
"2000","Georgia","Less than 15 years","Total","Number",":",""
"2000","Georgia","65 years or over","Total","Number",":",""
"2010","Belgium","Total","Total","Number","10 839 905.0",""
"2010","Belgium","Less than 15 years","Total","Number","1 832 234.0",""
"2010","Belgium","65 years or over","Total","Number","1 860 159.0",""
"2010","Bulgaria","Total","Total","Number","7 421 766.0",""
"2010","Bulgaria","Less than 15 years","Total","Number","976 188.0",""
"2010","Bulgaria","65 years or over","Total","Number","1 348 463.0",""
"2010","Czechia","Total","Total","Number","10 462 088.0",""
"2010","Czechia","Less than 15 years","Total","Number","1 493 930.0",""
"2010","Czechia","65 years or over","Total","Number","1 599 520.0",""
"2010","Denmark","Total","Total","Number","5 534 738.0",""
"2010","Denmark","Less than 15 years","Total","Number","1 001 318.0",""
"2010","Denmark","65 years or over","Total","Number","902 859.0",""
"2010","Germany including former GDR","Total","Total","Number","81 802 257.0",""
"2010","Germany including former GDR","Less than 15 years","Total","Number","11 022 634.0",""
"2010","Germany including former GDR","65 years or over","Total","Number","16 901 742.0",""
"2010","Estonia","Total","Total","Number","1 333 290.0",""
"2010","Estonia","Less than 15 years","Total","Number","201 630.0",""
"2010","Estonia","65 years or over","Total","Number","232 450.0",""
"2010","Ireland","Total","Total","Number","4 549 428.0",""
"2010","Ireland","Less than 15 years","Total","Number","953 275.0",""
"2010","Ireland","65 years or over","Total","Number","510 316.0",""
"2010","Greece","Total","Total","Number","11 119 289.0",""
"2010","Greece","Less than 15 years","Total","Number","1 627 535.0",""
"2010","Greece","65 years or over","Total","Number","2 110 096.0",""
"2010","Spain","Total","Total","Number","46 486 619.0",""
"2010","Spain","Less than 15 years","Total","Number","6 933 793.0",""
"2010","Spain","65 years or over","Total","Number","7 810 400.0",""
"2010","France","Total","Total","Number","64 658 856.0",""
"2010","France","Less than 15 years","Total","Number","12 007 476.0",""
"2010","France","65 years or over","Total","Number","10 739 325.0",""
"2010","Croatia","Total","Total","Number","4 302 847.0",""
"2010","Croatia","Less than 15 years","Total","Number","660 698.0",""
"2010","Croatia","65 years or over","Total","Number","767 568.0",""
"2010","Italy","Total","Total","Number","59 190 143.0",""
"2010","Italy","Less than 15 years","Total","Number","8 342 730.0",""
"2010","Italy","65 years or over","Total","Number","12 083 787.0",""
"2010","Cyprus","Total","Total","Number","819 140.0",""
"2010","Cyprus","Less than 15 years","Total","Number","140 838.0",""
"2010","Cyprus","65 years or over","Total","Number","102 738.0",""
"2010","Latvia","Total","Total","Number","2 120 504.0",""
"2010","Latvia","Less than 15 years","Total","Number","300 294.0",""
"2010","Latvia","65 years or over","Total","Number","384 177.0",""
"2010","Lithuania","Total","Total","Number","3 141 976.0",""
"2010","Lithuania","Less than 15 years","Total","Number","470 037.0",""
"2010","Lithuania","65 years or over","Total","Number","544 896.0",""
"2010","Luxembourg","Total","Total","Number","502 066.0",""
"2010","Luxembourg","Less than 15 years","Total","Number","89 111.0",""
"2010","Luxembourg","65 years or over","Total","Number","70 046.0",""
"2010","Hungary","Total","Total","Number","10 014 324.0",""
"2010","Hungary","Less than 15 years","Total","Number","1 476 856.0",""
"2010","Hungary","65 years or over","Total","Number","1 663 483.0",""
"2010","Malta","Total","Total","Number","414 027.0",""
"2010","Malta","Less than 15 years","Total","Number","63 274.0",""
"2010","Malta","65 years or over","Total","Number","61 782.0",""
"2010","Netherlands","Total","Total","Number","16 574 989.0",""
"2010","Netherlands","Less than 15 years","Total","Number","2 912 911.0",""
"2010","Netherlands","65 years or over","Total","Number","2 538 328.0",""
"2010","Austria","Total","Total","Number","8 351 643.0",""
"2010","Austria","Less than 15 years","Total","Number","1 245 167.0",""
"2010","Austria","65 years or over","Total","Number","1 473 385.0",""
"2010","Poland","Total","Total","Number","38 022 869.0","b"
"2010","Poland","Less than 15 years","Total","Number","5 819 140.0",""
"2010","Poland","65 years or over","Total","Number","5 159 877.0",""
"2010","Portugal","Total","Total","Number","10 573 479.0",""
"2010","Portugal","Less than 15 years","Total","Number","1 617 993.0",""
"2010","Portugal","65 years or over","Total","Number","1 930 396.0",""
"2010","Romania","Total","Total","Number","20 294 683.0",""
"2010","Romania","Less than 15 years","Total","Number","3 206 067.0",""
"2010","Romania","65 years or over","Total","Number","3 274 699.0",""
"2010","Slovenia","Total","Total","Number","2 046 976.0",""
"2010","Slovenia","Less than 15 years","Total","Number","287 275.0",""
"2010","Slovenia","65 years or over","Total","Number","338 265.0",""
"2010","Slovakia","Total","Total","Number","5 390 410.0",""
"2010","Slovakia","Less than 15 years","Total","Number","835 211.0",""
"2010","Slovakia","65 years or over","Total","Number","670 441.0",""
"2010","Finland","Total","Total","Number","5 351 427.0",""
"2010","Finland","Less than 15 years","Total","Number","888 323.0",""
"2010","Finland","65 years or over","Total","Number","910 441.0",""
"2010","Sweden","Total","Total","Number","9 340 682.0",""
"2010","Sweden","Less than 15 years","Total","Number","1 549 442.0",""
"2010","Sweden","65 years or over","Total","Number","1 690 777.0",""
"2010","Iceland","Total","Total","Number","317 630.0",""
"2010","Iceland","Less than 15 years","Total","Number","66 494.0",""
"2010","Iceland","65 years or over","Total","Number","38 069.0",""
"2010","Liechtenstein","Total","Total","Number","35 894.0",""
"2010","Liechtenstein","Less than 15 years","Total","Number","5 881.0",""
"2010","Liechtenstein","65 years or over","Total","Number","4 853.0",""
"2010","Norway","Total","Total","Number","4 858 199.0",""
"2010","Norway","Less than 15 years","Total","Number","917 725.0",""
"2010","Norway","65 years or over","Total","Number","722 673.0",""
"2010","Switzerland","Total","Total","Number","7 785 806.0",""
"2010","Switzerland","Less than 15 years","Total","Number","1 181 221.0",""
"2010","Switzerland","65 years or over","Total","Number","1 308 691.0",""
"2010","United Kingdom","Total","Total","Number","62 510 197.0",""
"2010","United Kingdom","Less than 15 years","Total","Number","11 017 760.0",""
"2010","United Kingdom","65 years or over","Total","Number","10 167 327.0",""
"2010","Montenegro","Total","Total","Number","619 001.0",""
"2010","Montenegro","Less than 15 years","Total","Number","120 969.0",""
"2010","Montenegro","65 years or over","Total","Number","79 785.0",""
"2010","North Macedonia","Total","Total","Number","2 052 722.0",""
"2010","North Macedonia","Less than 15 years","Total","Number","363 457.0",""
"2010","North Macedonia","65 years or over","Total","Number","238 506.0",""
"2010","Albania","Total","Total","Number","2 918 674.0",""
"2010","Albania","Less than 15 years","Total","Number","656 952.0",""
"2010","Albania","65 years or over","Total","Number","313 659.0",""
"2010","Serbia","Total","Total","Number","7 306 677.0",""
"2010","Serbia","Less than 15 years","Total","Number","1 109 261.0",""
"2010","Serbia","65 years or over","Total","Number","1 243 891.0",""
"2010","Turkey","Total","Total","Number","72 561 312.0",""
"2010","Turkey","Less than 15 years","Total","Number","18 859 334.0",""
"2010","Turkey","65 years or over","Total","Number","5 083 414.0",""
"2010","Andorra","Total","Total","Number","84 082.0",""
"2010","Andorra","Less than 15 years","Total","Number","12 150.0",""
"2010","Andorra","65 years or over","Total","Number","10 810.0",""
"2010","Belarus","Total","Total","Number","9 480 178.0",""
"2010","Belarus","Less than 15 years","Total","Number",":",""
"2010","Belarus","65 years or over","Total","Number",":",""
"2010","Bosnia and Herzegovina","Total","Total","Number","3 844 046.0",""
"2010","Bosnia and Herzegovina","Less than 15 years","Total","Number",":",""
"2010","Bosnia and Herzegovina","65 years or over","Total","Number",":",""
"2010","Kosovo (under United Nations Security Council Resolution 1244/99)","Total","Total","Number","2 208 107.0",""
"2010","Kosovo (under United Nations Security Council Resolution 1244/99)","Less than 15 years","Total","Number",":",""
"2010","Kosovo (under United Nations Security Council Resolution 1244/99)","65 years or over","Total","Number",":",""
"2010","Moldova","Total","Total","Number","3 563 695.0",""
"2010","Moldova","Less than 15 years","Total","Number","595 496.0",""
"2010","Moldova","65 years or over","Total","Number","360 801.0",""
"2010","Monaco","Total","Total","Number",":",""
"2010","Monaco","Less than 15 years","Total","Number",":",""
"2010","Monaco","65 years or over","Total","Number",":",""
"2010","Russia","Total","Total","Number","141 914 509.0",""
"2010","Russia","Less than 15 years","Total","Number","21 400 612.0",""
"2010","Russia","65 years or over","Total","Number","18 290 666.0",""
"2010","San Marino","Total","Total","Number",":",""
"2010","San Marino","Less than 15 years","Total","Number",":",""
"2010","San Marino","65 years or over","Total","Number",":",""
"2010","Ukraine","Total","Total","Number","45 782 592.0",""
"2010","Ukraine","Less than 15 years","Total","Number","6 483 560.0",""
"2010","Ukraine","65 years or over","Total","Number","7 168 862.0",""
"2010","Armenia","Total","Total","Number","3 249 482.0",""
"2010","Armenia","Less than 15 years","Total","Number","595 717.0",""
"2010","Armenia","65 years or over","Total","Number","326 986.0",""
"2010","Azerbaijan","Total","Total","Number","8 997 586.0",""
"2010","Azerbaijan","Less than 15 years","Total","Number","2 030 930.0",""
"2010","Azerbaijan","65 years or over","Total","Number","534 857.0",""
"2010","Georgia","Total","Total","Number","4 436 391.0",""
"2010","Georgia","Less than 15 years","Total","Number","756 538.0",""
"2010","Georgia","65 years or over","Total","Number","621 163.0",""
"2015","Belgium","Total","Total","Number","11 237 274",""
"2015","Belgium","Less than 15 years","Total","Number","1 910 746",""
"2015","Belgium","65 years or over","Total","Number","2 030 944",""
"2015","Bulgaria","Total","Total","Number","7 202 198",""
"2015","Bulgaria","Less than 15 years","Total","Number","998 196",""
"2015","Bulgaria","65 years or over","Total","Number","1 440 329",""
"2015","Czechia","Total","Total","Number","10 538 275",""
"2015","Czechia","Less than 15 years","Total","Number","1 601 045",""
"2015","Czechia","65 years or over","Total","Number","1 880 406",""
"2015","Denmark","Total","Total","Number","5 659 715",""
"2015","Denmark","Less than 15 years","Total","Number","962 647",""
"2015","Denmark","65 years or over","Total","Number","1 051 129",""
"2015","Germany including former GDR","Total","Total","Number","81 197 537",""
"2015","Germany including former GDR","Less than 15 years","Total","Number","10 686 723",""
"2015","Germany including former GDR","65 years or over","Total","Number","17 088 711",""
"2015","Estonia","Total","Total","Number","1 314 870","b"
"2015","Estonia","Less than 15 years","Total","Number","209 658","b"
"2015","Estonia","65 years or over","Total","Number","246 649","b"
"2015","Ireland","Total","Total","Number","4 677 627",""
"2015","Ireland","Less than 15 years","Total","Number","1 001 406",""
"2015","Ireland","65 years or over","Total","Number","604 861",""
"2015","Greece","Total","Total","Number","10 858 018",""
"2015","Greece","Less than 15 years","Total","Number","1 577 918",""
"2015","Greece","65 years or over","Total","Number","2 269 073",""
"2015","Spain","Total","Total","Number","46 449 565",""
"2015","Spain","Less than 15 years","Total","Number","7 049 079",""
"2015","Spain","65 years or over","Total","Number","8 592 014",""
"2015","France","Total","Total","Number","66 458 153",""
"2015","France","Less than 15 years","Total","Number","12 346 041",""
"2015","France","65 years or over","Total","Number","12 234 257",""
"2015","Croatia","Total","Total","Number","4 225 316",""
"2015","Croatia","Less than 15 years","Total","Number","621 050",""
"2015","Croatia","65 years or over","Total","Number","795 147",""
"2015","Italy","Total","Total","Number","60 795 612",""
"2015","Italy","Less than 15 years","Total","Number","8 383 122",""
"2015","Italy","65 years or over","Total","Number","13 219 074",""
"2015","Cyprus","Total","Total","Number","847 008",""
"2015","Cyprus","Less than 15 years","Total","Number","139 206",""
"2015","Cyprus","65 years or over","Total","Number","123 721",""
"2015","Latvia","Total","Total","Number","1 986 096",""
"2015","Latvia","Less than 15 years","Total","Number","297 720",""
"2015","Latvia","65 years or over","Total","Number","385 076",""
"2015","Lithuania","Total","Total","Number","2 921 262",""
"2015","Lithuania","Less than 15 years","Total","Number","425 462",""
"2015","Lithuania","65 years or over","Total","Number","547 115",""
"2015","Luxembourg","Total","Total","Number","562 958",""
"2015","Luxembourg","Less than 15 years","Total","Number","93 747",""
"2015","Luxembourg","65 years or over","Total","Number","79 840",""
"2015","Hungary","Total","Total","Number","9 855 571",""
"2015","Hungary","Less than 15 years","Total","Number","1 427 186",""
"2015","Hungary","65 years or over","Total","Number","1 764 232",""
"2015","Malta","Total","Total","Number","439 691",""
"2015","Malta","Less than 15 years","Total","Number","62 834",""
"2015","Malta","65 years or over","Total","Number","79 805",""
"2015","Netherlands","Total","Total","Number","16 900 726",""
"2015","Netherlands","Less than 15 years","Total","Number","2 827 066",""
"2015","Netherlands","65 years or over","Total","Number","3 007 685",""
"2015","Austria","Total","Total","Number","8 584 926",""
"2015","Austria","Less than 15 years","Total","Number","1 226 013",""
"2015","Austria","65 years or over","Total","Number","1 583 928",""
"2015","Poland","Total","Total","Number","38 005 614",""
"2015","Poland","Less than 15 years","Total","Number","5 714 790",""
"2015","Poland","65 years or over","Total","Number","5 859 706",""
"2015","Portugal","Total","Total","Number","10 374 822",""
"2015","Portugal","Less than 15 years","Total","Number","1 490 241",""
"2015","Portugal","65 years or over","Total","Number","2 105 167",""
"2015","Romania","Total","Total","Number","19 870 647",""
"2015","Romania","Less than 15 years","Total","Number","3 081 084",""
"2015","Romania","65 years or over","Total","Number","3 375 500",""
"2015","Slovenia","Total","Total","Number","2 062 874",""
"2015","Slovenia","Less than 15 years","Total","Number","304 310",""
"2015","Slovenia","65 years or over","Total","Number","369 386",""
"2015","Slovakia","Total","Total","Number","5 421 349",""
"2015","Slovakia","Less than 15 years","Total","Number","830 181",""
"2015","Slovakia","65 years or over","Total","Number","756 879",""
"2015","Finland","Total","Total","Number","5 471 753",""
"2015","Finland","Less than 15 years","Total","Number","896 608",""
"2015","Finland","65 years or over","Total","Number","1 091 388",""
"2015","Sweden","Total","Total","Number","9 747 355",""
"2015","Sweden","Less than 15 years","Total","Number","1 682 033",""
"2015","Sweden","65 years or over","Total","Number","1 912 884",""
"2015","Iceland","Total","Total","Number","329 100",""
"2015","Iceland","Less than 15 years","Total","Number","67 002",""
"2015","Iceland","65 years or over","Total","Number","44 541",""
"2015","Liechtenstein","Total","Total","Number","37 366",""
"2015","Liechtenstein","Less than 15 years","Total","Number","5 649",""
"2015","Liechtenstein","65 years or over","Total","Number","5 974",""
"2015","Norway","Total","Total","Number","5 166 493",""
"2015","Norway","Less than 15 years","Total","Number","932 536",""
"2015","Norway","65 years or over","Total","Number","834 312",""
"2015","Switzerland","Total","Total","Number","8 237 666",""
"2015","Switzerland","Less than 15 years","Total","Number","1 224 981",""
"2015","Switzerland","65 years or over","Total","Number","1 465 565",""
"2015","United Kingdom","Total","Total","Number","64 853 393",""
"2015","United Kingdom","Less than 15 years","Total","Number","11 469 164",""
"2015","United Kingdom","65 years or over","Total","Number","11 508 962",""
"2015","Montenegro","Total","Total","Number","622 099",""
"2015","Montenegro","Less than 15 years","Total","Number","115 004",""
"2015","Montenegro","65 years or over","Total","Number","85 058",""
"2015","North Macedonia","Total","Total","Number","2 069 172",""
"2015","North Macedonia","Less than 15 years","Total","Number","347 644",""
"2015","North Macedonia","65 years or over","Total","Number","262 134",""
"2015","Albania","Total","Total","Number","2 885 796",""
"2015","Albania","Less than 15 years","Total","Number","548 706",""
"2015","Albania","65 years or over","Total","Number","359 262",""
"2015","Serbia","Total","Total","Number","7 114 393",""
"2015","Serbia","Less than 15 years","Total","Number","1 023 354",""
"2015","Serbia","65 years or over","Total","Number","1 314 238",""
"2015","Turkey","Total","Total","Number","77 695 904",""
"2015","Turkey","Less than 15 years","Total","Number","18 862 430",""
"2015","Turkey","65 years or over","Total","Number","6 192 962",""
"2015","Andorra","Total","Total","Number",":",""
"2015","Andorra","Less than 15 years","Total","Number",":",""
"2015","Andorra","65 years or over","Total","Number",":",""
"2015","Belarus","Total","Total","Number","9 480 868",""
"2015","Belarus","Less than 15 years","Total","Number","1 518 669",""
"2015","Belarus","65 years or over","Total","Number","1 348 844",""
"2015","Bosnia and Herzegovina","Total","Total","Number",":",""
"2015","Bosnia and Herzegovina","Less than 15 years","Total","Number",":",""
"2015","Bosnia and Herzegovina","65 years or over","Total","Number",":",""
"2015","Kosovo (under United Nations Security Council Resolution 1244/99)","Total","Total","Number",":",""
"2015","Kosovo (under United Nations Security Council Resolution 1244/99)","Less than 15 years","Total","Number",":",""
"2015","Kosovo (under United Nations Security Council Resolution 1244/99)","65 years or over","Total","Number",":",""
"2015","Moldova","Total","Total","Number","3 555 159",""
"2015","Moldova","Less than 15 years","Total","Number","567 871",""
"2015","Moldova","65 years or over","Total","Number","367 680",""
"2015","Monaco","Total","Total","Number",":",""
"2015","Monaco","Less than 15 years","Total","Number",":",""
"2015","Monaco","65 years or over","Total","Number",":",""
"2015","Russia","Total","Total","Number",":",""
"2015","Russia","Less than 15 years","Total","Number",":",""
"2015","Russia","65 years or over","Total","Number",":",""
"2015","San Marino","Total","Total","Number",":",""
"2015","San Marino","Less than 15 years","Total","Number",":",""
"2015","San Marino","65 years or over","Total","Number",":",""
"2015","Ukraine","Total","Total","Number","42 759 661","b"
"2015","Ukraine","Less than 15 years","Total","Number","6 449 171",""
"2015","Ukraine","65 years or over","Total","Number","6 675 780",""
"2015","Armenia","Total","Total","Number","3 010 598",""
"2015","Armenia","Less than 15 years","Total","Number","582 592",""
"2015","Armenia","65 years or over","Total","Number","323 134",""
"2015","Azerbaijan","Total","Total","Number","9 593 038",""
"2015","Azerbaijan","Less than 15 years","Total","Number","2 152 698",""
"2015","Azerbaijan","65 years or over","Total","Number","570 788",""
"2015","Georgia","Total","Total","Number","3 729 500",""
"2015","Georgia","Less than 15 years","Total","Number","649 100",""
"2015","Georgia","65 years or over","Total","Number","519 100",""
"2020","Belgium","Total","Total","Number","11 522 440",""
"2020","Belgium","Less than 15 years","Total","Number","1 942 114",""
"2020","Belgium","65 years or over","Total","Number","2 204 642",""
"2020","Bulgaria","Total","Total","Number","6 951 482",""
"2020","Bulgaria","Less than 15 years","Total","Number","1 002 258",""
"2020","Bulgaria","65 years or over","Total","Number","1 504 088",""
"2020","Czechia","Total","Total","Number","10 693 939",""
"2020","Czechia","Less than 15 years","Total","Number","1 710 202",""
"2020","Czechia","65 years or over","Total","Number","2 131 630",""
"2020","Denmark","Total","Total","Number","5 822 763",""
"2020","Denmark","Less than 15 years","Total","Number","953 118",""
"2020","Denmark","65 years or over","Total","Number","1 155 991",""
"2020","Germany including former GDR","Total","Total","Number","83 166 711",""
"2020","Germany including former GDR","Less than 15 years","Total","Number","11 391 259",""
"2020","Germany including former GDR","65 years or over","Total","Number","18 090 682",""
"2020","Estonia","Total","Total","Number","1 328 976",""
"2020","Estonia","Less than 15 years","Total","Number","218 702",""
"2020","Estonia","65 years or over","Total","Number","266 288",""
"2020","Ireland","Total","Total","Number","4 964 440",""
"2020","Ireland","Less than 15 years","Total","Number","1 006 065",""
"2020","Ireland","65 years or over","Total","Number","716 214",""
"2020","Greece","Total","Total","Number","10 718 565",""
"2020","Greece","Less than 15 years","Total","Number","1 527 519",""
"2020","Greece","65 years or over","Total","Number","2 386 200",""
"2020","Spain","Total","Total","Number","47 332 614",""
"2020","Spain","Less than 15 years","Total","Number","6 877 153",""
"2020","Spain","65 years or over","Total","Number","9 267 316",""
"2020","France","Total","Total","Number","67 320 216","p"
"2020","France","Less than 15 years","Total","Number","12 038 771","p"
"2020","France","65 years or over","Total","Number","13 740 658","p"
"2020","Croatia","Total","Total","Number","4 058 165",""
"2020","Croatia","Less than 15 years","Total","Number","581 471",""
"2020","Croatia","65 years or over","Total","Number","853 784",""
"2020","Italy","Total","Total","Number","59 641 488",""
"2020","Italy","Less than 15 years","Total","Number","7 727 554",""
"2020","Italy","65 years or over","Total","Number","13 859 090",""
"2020","Cyprus","Total","Total","Number","888 005",""
"2020","Cyprus","Less than 15 years","Total","Number","142 384",""
"2020","Cyprus","65 years or over","Total","Number","144 888",""
"2020","Latvia","Total","Total","Number","1 907 675",""
"2020","Latvia","Less than 15 years","Total","Number","305 188",""
"2020","Latvia","65 years or over","Total","Number","391 413",""
"2020","Lithuania","Total","Total","Number","2 794 090",""
"2020","Lithuania","Less than 15 years","Total","Number","422 744",""
"2020","Lithuania","65 years or over","Total","Number","555 976",""
"2020","Luxembourg","Total","Total","Number","626 108",""
"2020","Luxembourg","Less than 15 years","Total","Number","100 077",""
"2020","Luxembourg","65 years or over","Total","Number","90 787",""
"2020","Hungary","Total","Total","Number","9 769 526",""
"2020","Hungary","Less than 15 years","Total","Number","1 421 336",""
"2020","Hungary","65 years or over","Total","Number","1 942 234",""
"2020","Malta","Total","Total","Number","514 564",""
"2020","Malta","Less than 15 years","Total","Number","69 158",""
"2020","Malta","65 years or over","Total","Number","95 050",""
"2020","Netherlands","Total","Total","Number","17 407 585",""
"2020","Netherlands","Less than 15 years","Total","Number","2 726 099",""
"2020","Netherlands","65 years or over","Total","Number","3 392 555",""
"2020","Austria","Total","Total","Number","8 901 064",""
"2020","Austria","Less than 15 years","Total","Number","1 283 060",""
"2020","Austria","65 years or over","Total","Number","1 693 627",""
"2020","Poland","Total","Total","Number","37 958 138",""
"2020","Poland","Less than 15 years","Total","Number","5 862 071",""
"2020","Poland","65 years or over","Total","Number","6 916 746",""
"2020","Portugal","Total","Total","Number","10 295 909",""
"2020","Portugal","Less than 15 years","Total","Number","1 396 985",""
"2020","Portugal","65 years or over","Total","Number","2 280 424",""
"2020","Romania","Total","Total","Number","19 328 838","e"
"2020","Romania","Less than 15 years","Total","Number","3 031 378","e"
"2020","Romania","65 years or over","Total","Number","3 661 763","e"
"2020","Slovenia","Total","Total","Number","2 095 861",""
"2020","Slovenia","Less than 15 years","Total","Number","315 802",""
"2020","Slovenia","65 years or over","Total","Number","424 004",""
"2020","Slovakia","Total","Total","Number","5 457 873",""
"2020","Slovakia","Less than 15 years","Total","Number","863 720",""
"2020","Slovakia","65 years or over","Total","Number","905 175",""
"2020","Finland","Total","Total","Number","5 525 292",""
"2020","Finland","Less than 15 years","Total","Number","871 036",""
"2020","Finland","65 years or over","Total","Number","1 231 274",""
"2020","Sweden","Total","Total","Number","10 327 589",""
"2020","Sweden","Less than 15 years","Total","Number","1 834 821",""
"2020","Sweden","65 years or over","Total","Number","2 065 367",""
"2020","Iceland","Total","Total","Number","364 134",""
"2020","Iceland","Less than 15 years","Total","Number","68 219",""
"2020","Iceland","65 years or over","Total","Number","52 473",""
"2020","Liechtenstein","Total","Total","Number","38 747",""
"2020","Liechtenstein","Less than 15 years","Total","Number","5 678",""
"2020","Liechtenstein","65 years or over","Total","Number","7 087",""
"2020","Norway","Total","Total","Number","5 367 580",""
"2020","Norway","Less than 15 years","Total","Number","930 127",""
"2020","Norway","65 years or over","Total","Number","941 816",""
"2020","Switzerland","Total","Total","Number","8 606 033",""
"2020","Switzerland","Less than 15 years","Total","Number","1 294 918",""
"2020","Switzerland","65 years or over","Total","Number","1 605 800",""
"2020","United Kingdom","Total","Total","Number","67 025 542","p"
"2020","United Kingdom","Less than 15 years","Total","Number",":",""
"2020","United Kingdom","65 years or over","Total","Number",":",""
"2020","Montenegro","Total","Total","Number","621 873",""
"2020","Montenegro","Less than 15 years","Total","Number","111 475",""
"2020","Montenegro","65 years or over","Total","Number","97 005",""
"2020","North Macedonia","Total","Total","Number","2 076 255",""
"2020","North Macedonia","Less than 15 years","Total","Number","336 630",""
"2020","North Macedonia","65 years or over","Total","Number","300 647",""
"2020","Albania","Total","Total","Number","2 845 955",""
"2020","Albania","Less than 15 years","Total","Number","478 850",""
"2020","Albania","65 years or over","Total","Number","420 036",""
"2020","Serbia","Total","Total","Number","6 926 705",""
"2020","Serbia","Less than 15 years","Total","Number","988 983",""
"2020","Serbia","65 years or over","Total","Number","1 451 818",""
"2020","Turkey","Total","Total","Number","83 154 997",""
"2020","Turkey","Less than 15 years","Total","Number","19 212 345",""
"2020","Turkey","65 years or over","Total","Number","7 550 727",""
"2020","Andorra","Total","Total","Number",":",""
"2020","Andorra","Less than 15 years","Total","Number",":",""
"2020","Andorra","65 years or over","Total","Number",":",""
"2020","Belarus","Total","Total","Number",":",""
"2020","Belarus","Less than 15 years","Total","Number",":",""
"2020","Belarus","65 years or over","Total","Number",":",""
"2020","Bosnia and Herzegovina","Total","Total","Number",":",""
"2020","Bosnia and Herzegovina","Less than 15 years","Total","Number",":",""
"2020","Bosnia and Herzegovina","65 years or over","Total","Number",":",""
"2020","Kosovo (under United Nations Security Council Resolution 1244/99)","Total","Total","Number",":",""
"2020","Kosovo (under United Nations Security Council Resolution 1244/99)","Less than 15 years","Total","Number",":",""
"2020","Kosovo (under United Nations Security Council Resolution 1244/99)","65 years or over","Total","Number",":",""
"2020","Moldova","Total","Total","Number",":",""
"2020","Moldova","Less than 15 years","Total","Number",":",""
"2020","Moldova","65 years or over","Total","Number",":",""
"2020","Monaco","Total","Total","Number",":",""
"2020","Monaco","Less than 15 years","Total","Number",":",""
"2020","Monaco","65 years or over","Total","Number",":",""
"2020","Russia","Total","Total","Number",":",""
"2020","Russia","Less than 15 years","Total","Number",":",""
"2020","Russia","65 years or over","Total","Number",":",""
"2020","San Marino","Total","Total","Number",":",""
"2020","San Marino","Less than 15 years","Total","Number",":",""
"2020","San Marino","65 years or over","Total","Number",":",""
"2020","Ukraine","Total","Total","Number",":",""
"2020","Ukraine","Less than 15 years","Total","Number",":",""
"2020","Ukraine","65 years or over","Total","Number",":",""
"2020","Armenia","Total","Total","Number",":",""
"2020","Armenia","Less than 15 years","Total","Number",":",""
"2020","Armenia","65 years or over","Total","Number",":",""
"2020","Azerbaijan","Total","Total","Number",":",""
"2020","Azerbaijan","Less than 15 years","Total","Number",":",""
"2020","Azerbaijan","65 years or over","Total","Number",":",""
"2020","Georgia","Total","Total","Number",":",""
"2020","Georgia","Less than 15 years","Total","Number",":",""
"2020","Georgia","65 years or over","Total","Number",":",""
