"TIME","GEO","PROJECTION","UNIT","SEX","AGE","Value","Flag and Footnotes"
"2019","Austria","Baseline projections","Person","Total","Total","8 858 775",""
"2019","Belgium","Baseline projections","Person","Total","Total","11 455 519",""
"2019","Bulgaria","Baseline projections","Person","Total","Total","7 000 039",""
"2019","Switzerland","Baseline projections","Person","Total","Total","8 544 527",""
"2019","Cyprus","Baseline projections","Person","Total","Total","875 899",""
"2019","Czechia","Baseline projections","Person","Total","Total","10 649 800",""
"2019","Germany (until 1990 former territory of the FRG)","Baseline projections","Person","Total","Total","83 019 213",""
"2019","Denmark","Baseline projections","Person","Total","Total","5 806 081",""
"2019","Euro area - 19 countries  (from 2015)","Baseline projections","Person","Total","Total","341 902 187",""
"2019","Estonia","Baseline projections","Person","Total","Total","1 324 820",""
"2019","Greece","Baseline projections","Person","Total","Total","10 724 599",""
"2019","Spain","Baseline projections","Person","Total","Total","46 937 060",""
"2019","European Union - 27 countries (from 2020)","Baseline projections","Person","Total","Total","446 824 564",""
"2019","Finland","Baseline projections","Person","Total","Total","5 517 919",""
"2019","France","Baseline projections","Person","Total","Total","67 012 883",""
"2019","Croatia","Baseline projections","Person","Total","Total","4 076 246",""
"2019","Hungary","Baseline projections","Person","Total","Total","9 772 756",""
"2019","Ireland","Baseline projections","Person","Total","Total","4 904 240",""
"2019","Iceland","Baseline projections","Person","Total","Total","356 991",""
"2019","Italy","Baseline projections","Person","Total","Total","60 359 546",""
"2019","Liechtenstein","Baseline projections","Person","Total","Total","38 378",""
"2019","Lithuania","Baseline projections","Person","Total","Total","2 794 184",""
"2019","Luxembourg","Baseline projections","Person","Total","Total","613 894",""
"2019","Latvia","Baseline projections","Person","Total","Total","1 919 968",""
"2019","Malta","Baseline projections","Person","Total","Total","493 559",""
"2019","Netherlands","Baseline projections","Person","Total","Total","17 282 163",""
"2019","Norway","Baseline projections","Person","Total","Total","5 328 212",""
"2019","Poland","Baseline projections","Person","Total","Total","37 972 812",""
"2019","Portugal","Baseline projections","Person","Total","Total","10 276 617",""
"2019","Romania","Baseline projections","Person","Total","Total","19 414 458",""
"2019","Sweden","Baseline projections","Person","Total","Total","10 230 185",""
"2019","Slovenia","Baseline projections","Person","Total","Total","2 080 908",""
"2019","Slovakia","Baseline projections","Person","Total","Total","5 450 421",""
"2020","Austria","Baseline projections","Person","Total","Total","8 904 262",""
"2020","Belgium","Baseline projections","Person","Total","Total","11 507 338",""
"2020","Bulgaria","Baseline projections","Person","Total","Total","6 949 549",""
"2020","Switzerland","Baseline projections","Person","Total","Total","8 580 270",""
"2020","Cyprus","Baseline projections","Person","Total","Total","887 331",""
"2020","Czechia","Baseline projections","Person","Total","Total","10 693 861",""
"2020","Germany (until 1990 former territory of the FRG)","Baseline projections","Person","Total","Total","83 135 181",""
"2020","Denmark","Baseline projections","Person","Total","Total","5 811 651",""
"2020","Euro area - 19 countries  (from 2015)","Baseline projections","Person","Total","Total","342 842 872",""
"2020","Estonia","Baseline projections","Person","Total","Total","1 329 916",""
"2020","Greece","Baseline projections","Person","Total","Total","10 696 535",""
"2020","Spain","Baseline projections","Person","Total","Total","47 321 434",""
"2020","European Union - 27 countries (from 2020)","Baseline projections","Person","Total","Total","447 671 046",""
"2020","Finland","Baseline projections","Person","Total","Total","5 527 189",""
"2020","France","Baseline projections","Person","Total","Total","67 197 367",""
"2020","Croatia","Baseline projections","Person","Total","Total","4 056 285",""
"2020","Hungary","Baseline projections","Person","Total","Total","9 771 975",""
"2020","Ireland","Baseline projections","Person","Total","Total","4 966 879",""
"2020","Iceland","Baseline projections","Person","Total","Total","365 042",""
"2020","Italy","Baseline projections","Person","Total","Total","60 286 529",""
"2020","Liechtenstein","Baseline projections","Person","Total","Total","38 640",""
"2020","Lithuania","Baseline projections","Person","Total","Total","2 793 592",""
"2020","Luxembourg","Baseline projections","Person","Total","Total","626 031",""
"2020","Latvia","Baseline projections","Person","Total","Total","1 907 094",""
"2020","Malta","Baseline projections","Person","Total","Total","506 951",""
"2020","Netherlands","Baseline projections","Person","Total","Total","17 404 793",""
"2020","Norway","Baseline projections","Person","Total","Total","5 367 329",""
"2020","Poland","Baseline projections","Person","Total","Total","37 941 122",""
"2020","Portugal","Baseline projections","Person","Total","Total","10 291 457",""
"2020","Romania","Baseline projections","Person","Total","Total","19 281 118",""
"2020","Sweden","Baseline projections","Person","Total","Total","10 322 613",""
"2020","Slovenia","Baseline projections","Person","Total","Total","2 095 314",""
"2020","Slovakia","Baseline projections","Person","Total","Total","5 457 679",""
"2025","Austria","Baseline projections","Person","Total","Total","9 029 008",""
"2025","Belgium","Baseline projections","Person","Total","Total","11 661 206",""
"2025","Bulgaria","Baseline projections","Person","Total","Total","6 690 388",""
"2025","Switzerland","Baseline projections","Person","Total","Total","8 811 474",""
"2025","Cyprus","Baseline projections","Person","Total","Total","928 295",""
"2025","Czechia","Baseline projections","Person","Total","Total","10 789 806",""
"2025","Germany (until 1990 former territory of the FRG)","Baseline projections","Person","Total","Total","83 482 307",""
"2025","Denmark","Baseline projections","Person","Total","Total","5 884 275",""
"2025","Euro area - 19 countries  (from 2015)","Baseline projections","Person","Total","Total","345 477 184",""
"2025","Estonia","Baseline projections","Person","Total","Total","1 322 440",""
"2025","Greece","Baseline projections","Person","Total","Total","10 510 196",""
"2025","Spain","Baseline projections","Person","Total","Total","48 310 619",""
"2025","European Union - 27 countries (from 2020)","Baseline projections","Person","Total","Total","449 297 063",""
"2025","Finland","Baseline projections","Person","Total","Total","5 537 441",""
"2025","France","Baseline projections","Person","Total","Total","68 036 808",""
"2025","Croatia","Baseline projections","Person","Total","Total","3 936 509",""
"2025","Hungary","Baseline projections","Person","Total","Total","9 697 220",""
"2025","Ireland","Baseline projections","Person","Total","Total","5 272 930",""
"2025","Iceland","Baseline projections","Person","Total","Total","395 636",""
"2025","Italy","Baseline projections","Person","Total","Total","60 088 529",""
"2025","Liechtenstein","Baseline projections","Person","Total","Total","39 921",""
"2025","Lithuania","Baseline projections","Person","Total","Total","2 707 915",""
"2025","Luxembourg","Baseline projections","Person","Total","Total","662 364",""
"2025","Latvia","Baseline projections","Person","Total","Total","1 815 550",""
"2025","Malta","Baseline projections","Person","Total","Total","557 426",""
"2025","Netherlands","Baseline projections","Person","Total","Total","17 751 055",""
"2025","Norway","Baseline projections","Person","Total","Total","5 568 543",""
"2025","Poland","Baseline projections","Person","Total","Total","37 567 248",""
"2025","Portugal","Baseline projections","Person","Total","Total","10 220 601",""
"2025","Romania","Baseline projections","Person","Total","Total","18 507 547",""
"2025","Sweden","Baseline projections","Person","Total","Total","10 746 886",""
"2025","Slovenia","Baseline projections","Person","Total","Total","2 114 603",""
"2025","Slovakia","Baseline projections","Person","Total","Total","5 467 891",""
"2030","Austria","Baseline projections","Person","Total","Total","9 149 001",""
"2030","Belgium","Baseline projections","Person","Total","Total","11 757 990",""
"2030","Bulgaria","Baseline projections","Person","Total","Total","6 450 296",""
"2030","Switzerland","Baseline projections","Person","Total","Total","9 076 646",""
"2030","Cyprus","Baseline projections","Person","Total","Total","962 854",""
"2030","Czechia","Baseline projections","Person","Total","Total","10 762 174",""
"2030","Germany (until 1990 former territory of the FRG)","Baseline projections","Person","Total","Total","83 453 697",""
"2030","Denmark","Baseline projections","Person","Total","Total","5 963 578",""
"2030","Euro area - 19 countries  (from 2015)","Baseline projections","Person","Total","Total","346 572 956",""
"2030","Estonia","Baseline projections","Person","Total","Total","1 308 435",""
"2030","Greece","Baseline projections","Person","Total","Total","10 303 200",""
"2030","Spain","Baseline projections","Person","Total","Total","48 746 399",""
"2030","European Union - 27 countries (from 2020)","Baseline projections","Person","Total","Total","449 121 599",""
"2030","Finland","Baseline projections","Person","Total","Total","5 519 298",""
"2030","France","Baseline projections","Person","Total","Total","68 749 400",""
"2030","Croatia","Baseline projections","Person","Total","Total","3 828 089",""
"2030","Hungary","Baseline projections","Person","Total","Total","9 619 020",""
"2030","Ireland","Baseline projections","Person","Total","Total","5 504 390",""
"2030","Iceland","Baseline projections","Person","Total","Total","416 990",""
"2030","Italy","Baseline projections","Person","Total","Total","59 942 512",""
"2030","Liechtenstein","Baseline projections","Person","Total","Total","41 016",""
"2030","Lithuania","Baseline projections","Person","Total","Total","2 575 553",""
"2030","Luxembourg","Baseline projections","Person","Total","Total","692 722",""
"2030","Latvia","Baseline projections","Person","Total","Total","1 712 746",""
"2030","Malta","Baseline projections","Person","Total","Total","588 691",""
"2030","Netherlands","Baseline projections","Person","Total","Total","17 969 884",""
"2030","Norway","Baseline projections","Person","Total","Total","5 765 319",""
"2030","Poland","Baseline projections","Person","Total","Total","37 018 453",""
"2030","Portugal","Baseline projections","Person","Total","Total","10 089 138",""
"2030","Romania","Baseline projections","Person","Total","Total","17 808 000",""
"2030","Sweden","Baseline projections","Person","Total","Total","11 099 033",""
"2030","Slovenia","Baseline projections","Person","Total","Total","2 106 316",""
"2030","Slovakia","Baseline projections","Person","Total","Total","5 440 730",""
"2035","Austria","Baseline projections","Person","Total","Total","9 232 708",""
"2035","Belgium","Baseline projections","Person","Total","Total","11 835 820",""
"2035","Bulgaria","Baseline projections","Person","Total","Total","6 224 049",""
"2035","Switzerland","Baseline projections","Person","Total","Total","9 318 554",""
"2035","Cyprus","Baseline projections","Person","Total","Total","990 814",""
"2035","Czechia","Baseline projections","Person","Total","Total","10 694 436",""
"2035","Germany (until 1990 former territory of the FRG)","Baseline projections","Person","Total","Total","83 318 670",""
"2035","Denmark","Baseline projections","Person","Total","Total","6 018 816",""
"2035","Euro area - 19 countries  (from 2015)","Baseline projections","Person","Total","Total","347 098 460",""
"2035","Estonia","Baseline projections","Person","Total","Total","1 294 043",""
"2035","Greece","Baseline projections","Person","Total","Total","10 104 622",""
"2035","Spain","Baseline projections","Person","Total","Total","49 110 869",""
"2035","European Union - 27 countries (from 2020)","Baseline projections","Person","Total","Total","448 233 662",""
"2035","Finland","Baseline projections","Person","Total","Total","5 480 971",""
"2035","France","Baseline projections","Person","Total","Total","69 354 321",""
"2035","Croatia","Baseline projections","Person","Total","Total","3 721 032",""
"2035","Hungary","Baseline projections","Person","Total","Total","9 532 830",""
"2035","Ireland","Baseline projections","Person","Total","Total","5 714 371",""
"2035","Iceland","Baseline projections","Person","Total","Total","437 131",""
"2035","Italy","Baseline projections","Person","Total","Total","59 709 982",""
"2035","Liechtenstein","Baseline projections","Person","Total","Total","41 861",""
"2035","Lithuania","Baseline projections","Person","Total","Total","2 452 313",""
"2035","Luxembourg","Baseline projections","Person","Total","Total","718 104",""
"2035","Latvia","Baseline projections","Person","Total","Total","1 618 827",""
"2035","Malta","Baseline projections","Person","Total","Total","614 214",""
"2035","Netherlands","Baseline projections","Person","Total","Total","18 119 551",""
"2035","Norway","Baseline projections","Person","Total","Total","5 941 336",""
"2035","Poland","Baseline projections","Person","Total","Total","36 369 328",""
"2035","Portugal","Baseline projections","Person","Total","Total","9 948 994",""
"2035","Romania","Baseline projections","Person","Total","Total","17 169 288",""
"2035","Sweden","Baseline projections","Person","Total","Total","11 405 423",""
"2035","Slovenia","Baseline projections","Person","Total","Total","2 094 654",""
"2035","Slovakia","Baseline projections","Person","Total","Total","5 384 612",""
"2040","Austria","Baseline projections","Person","Total","Total","9 292 363",""
"2040","Belgium","Baseline projections","Person","Total","Total","11 894 881",""
"2040","Bulgaria","Baseline projections","Person","Total","Total","6 016 719",""
"2040","Switzerland","Baseline projections","Person","Total","Total","9 542 915",""
"2040","Cyprus","Baseline projections","Person","Total","Total","1 012 858",""
"2040","Czechia","Baseline projections","Person","Total","Total","10 625 402",""
"2040","Germany (until 1990 former territory of the FRG)","Baseline projections","Person","Total","Total","83 178 426",""
"2040","Denmark","Baseline projections","Person","Total","Total","6 055 503",""
"2040","Euro area - 19 countries  (from 2015)","Baseline projections","Person","Total","Total","347 072 411",""
"2040","Estonia","Baseline projections","Person","Total","Total","1 281 555",""
"2040","Greece","Baseline projections","Person","Total","Total","9 910 798",""
"2040","Spain","Baseline projections","Person","Total","Total","49 377 094",""
"2040","European Union - 27 countries (from 2020)","Baseline projections","Person","Total","Total","446 754 877",""
"2040","Finland","Baseline projections","Person","Total","Total","5 426 143",""
"2040","France","Baseline projections","Person","Total","Total","69 802 409",""
"2040","Croatia","Baseline projections","Person","Total","Total","3 612 487",""
"2040","Hungary","Baseline projections","Person","Total","Total","9 441 139",""
"2040","Ireland","Baseline projections","Person","Total","Total","5 904 540",""
"2040","Iceland","Baseline projections","Person","Total","Total","455 871",""
"2040","Italy","Baseline projections","Person","Total","Total","59 375 006",""
"2040","Liechtenstein","Baseline projections","Person","Total","Total","42 531",""
"2040","Lithuania","Baseline projections","Person","Total","Total","2 339 698",""
"2040","Luxembourg","Baseline projections","Person","Total","Total","739 137",""
"2040","Latvia","Baseline projections","Person","Total","Total","1 536 108",""
"2040","Malta","Baseline projections","Person","Total","Total","634 910",""
"2040","Netherlands","Baseline projections","Person","Total","Total","18 185 792",""
"2040","Norway","Baseline projections","Person","Total","Total","6 095 952",""
"2040","Poland","Baseline projections","Person","Total","Total","35 661 656",""
"2040","Portugal","Baseline projections","Person","Total","Total","9 786 632",""
"2040","Romania","Baseline projections","Person","Total","Total","16 576 187",""
"2040","Sweden","Baseline projections","Person","Total","Total","11 693 373",""
"2040","Slovenia","Baseline projections","Person","Total","Total","2 081 622",""
"2040","Slovakia","Baseline projections","Person","Total","Total","5 312 439",""
"2045","Austria","Baseline projections","Person","Total","Total","9 332 840",""
"2045","Belgium","Baseline projections","Person","Total","Total","11 927 324",""
"2045","Bulgaria","Baseline projections","Person","Total","Total","5 828 425",""
"2045","Switzerland","Baseline projections","Person","Total","Total","9 756 963",""
"2045","Cyprus","Baseline projections","Person","Total","Total","1 030 807",""
"2045","Czechia","Baseline projections","Person","Total","Total","10 571 354",""
"2045","Germany (until 1990 former territory of the FRG)","Baseline projections","Person","Total","Total","82 983 422",""
"2045","Denmark","Baseline projections","Person","Total","Total","6 080 087",""
"2045","Euro area - 19 countries  (from 2015)","Baseline projections","Person","Total","Total","346 243 274",""
"2045","Estonia","Baseline projections","Person","Total","Total","1 269 633",""
"2045","Greece","Baseline projections","Person","Total","Total","9 713 851",""
"2045","Spain","Baseline projections","Person","Total","Total","49 479 880",""
"2045","European Union - 27 countries (from 2020)","Baseline projections","Person","Total","Total","444 471 621",""
"2045","Finland","Baseline projections","Person","Total","Total","5 361 229",""
"2045","France","Baseline projections","Person","Total","Total","70 015 780",""
"2045","Croatia","Baseline projections","Person","Total","Total","3 502 067",""
"2045","Hungary","Baseline projections","Person","Total","Total","9 350 754",""
"2045","Ireland","Baseline projections","Person","Total","Total","6 073 416",""
"2045","Iceland","Baseline projections","Person","Total","Total","473 187",""
"2045","Italy","Baseline projections","Person","Total","Total","58 870 898",""
"2045","Liechtenstein","Baseline projections","Person","Total","Total","43 075",""
"2045","Lithuania","Baseline projections","Person","Total","Total","2 236 142",""
"2045","Luxembourg","Baseline projections","Person","Total","Total","756 215",""
"2045","Latvia","Baseline projections","Person","Total","Total","1 462 550",""
"2045","Malta","Baseline projections","Person","Total","Total","652 604",""
"2045","Netherlands","Baseline projections","Person","Total","Total","18 185 796",""
"2045","Norway","Baseline projections","Person","Total","Total","6 232 241",""
"2045","Poland","Baseline projections","Person","Total","Total","34 897 373",""
"2045","Portugal","Baseline projections","Person","Total","Total","9 593 258",""
"2045","Romania","Baseline projections","Person","Total","Total","16 018 918",""
"2045","Sweden","Baseline projections","Person","Total","Total","11 979 369",""
"2045","Slovenia","Baseline projections","Person","Total","Total","2 065 380",""
"2045","Slovakia","Baseline projections","Person","Total","Total","5 232 249",""
"2050","Austria","Baseline projections","Person","Total","Total","9 345 829",""
"2050","Belgium","Baseline projections","Person","Total","Total","11 926 987",""
"2050","Bulgaria","Baseline projections","Person","Total","Total","5 655 026",""
"2050","Switzerland","Baseline projections","Person","Total","Total","9 959 383",""
"2050","Cyprus","Baseline projections","Person","Total","Total","1 046 219",""
"2050","Czechia","Baseline projections","Person","Total","Total","10 530 251",""
"2050","Germany (until 1990 former territory of the FRG)","Baseline projections","Person","Total","Total","82 669 724",""
"2050","Denmark","Baseline projections","Person","Total","Total","6 098 190",""
"2050","Euro area - 19 countries  (from 2015)","Baseline projections","Person","Total","Total","344 415 478",""
"2050","Estonia","Baseline projections","Person","Total","Total","1 256 223",""
"2050","Greece","Baseline projections","Person","Total","Total","9 503 127",""
"2050","Spain","Baseline projections","Person","Total","Total","49 348 530",""
"2050","European Union - 27 countries (from 2020)","Baseline projections","Person","Total","Total","441 220 961",""
"2050","Finland","Baseline projections","Person","Total","Total","5 290 709",""
"2050","France","Baseline projections","Person","Total","Total","70 010 903",""
"2050","Croatia","Baseline projections","Person","Total","Total","3 392 559",""
"2050","Hungary","Baseline projections","Person","Total","Total","9 270 352",""
"2050","Ireland","Baseline projections","Person","Total","Total","6 213 191",""
"2050","Iceland","Baseline projections","Person","Total","Total","489 302",""
"2050","Italy","Baseline projections","Person","Total","Total","58 125 032",""
"2050","Liechtenstein","Baseline projections","Person","Total","Total","43 513",""
"2050","Lithuania","Baseline projections","Person","Total","Total","2 137 939",""
"2050","Luxembourg","Baseline projections","Person","Total","Total","769 048",""
"2050","Latvia","Baseline projections","Person","Total","Total","1 395 039",""
"2050","Malta","Baseline projections","Person","Total","Total","668 373",""
"2050","Netherlands","Baseline projections","Person","Total","Total","18 142 292",""
"2050","Norway","Baseline projections","Person","Total","Total","6 351 119",""
"2050","Poland","Baseline projections","Person","Total","Total","34 102 204",""
"2050","Portugal","Baseline projections","Person","Total","Total","9 375 347",""
"2050","Romania","Baseline projections","Person","Total","Total","15 502 837",""
"2050","Sweden","Baseline projections","Person","Total","Total","12 254 064",""
"2050","Slovenia","Baseline projections","Person","Total","Total","2 043 751",""
"2050","Slovakia","Baseline projections","Person","Total","Total","5 147 215",""
"2055","Austria","Baseline projections","Person","Total","Total","9 328 259",""
"2055","Belgium","Baseline projections","Person","Total","Total","11 900 354",""
"2055","Bulgaria","Baseline projections","Person","Total","Total","5 490 809",""
"2055","Switzerland","Baseline projections","Person","Total","Total","10 144 812",""
"2055","Cyprus","Baseline projections","Person","Total","Total","1 060 363",""
"2055","Czechia","Baseline projections","Person","Total","Total","10 484 879",""
"2055","Germany (until 1990 former territory of the FRG)","Baseline projections","Person","Total","Total","82 248 032",""
"2055","Denmark","Baseline projections","Person","Total","Total","6 111 785",""
"2055","Euro area - 19 countries  (from 2015)","Baseline projections","Person","Total","Total","341 690 938",""
"2055","Estonia","Baseline projections","Person","Total","Total","1 241 009",""
"2055","Greece","Baseline projections","Person","Total","Total","9 275 824",""
"2055","Spain","Baseline projections","Person","Total","Total","48 962 188",""
"2055","European Union - 27 countries (from 2020)","Baseline projections","Person","Total","Total","437 085 910",""
"2055","Finland","Baseline projections","Person","Total","Total","5 218 470",""
"2055","France","Baseline projections","Person","Total","Total","69 874 367",""
"2055","Croatia","Baseline projections","Person","Total","Total","3 289 125",""
"2055","Hungary","Baseline projections","Person","Total","Total","9 197 156",""
"2055","Ireland","Baseline projections","Person","Total","Total","6 319 998",""
"2055","Iceland","Baseline projections","Person","Total","Total","504 728",""
"2055","Italy","Baseline projections","Person","Total","Total","57 131 834",""
"2055","Liechtenstein","Baseline projections","Person","Total","Total","43 862",""
"2055","Lithuania","Baseline projections","Person","Total","Total","2 044 673",""
"2055","Luxembourg","Baseline projections","Person","Total","Total","777 714",""
"2055","Latvia","Baseline projections","Person","Total","Total","1 332 302",""
"2055","Malta","Baseline projections","Person","Total","Total","682 156",""
"2055","Netherlands","Baseline projections","Person","Total","Total","18 076 179",""
"2055","Norway","Baseline projections","Person","Total","Total","6 453 877",""
"2055","Poland","Baseline projections","Person","Total","Total","33 306 428",""
"2055","Portugal","Baseline projections","Person","Total","Total","9 144 153",""
"2055","Romania","Baseline projections","Person","Total","Total","15 015 940",""
"2055","Sweden","Baseline projections","Person","Total","Total","12 498 850",""
"2055","Slovenia","Baseline projections","Person","Total","Total","2 017 464",""
"2055","Slovakia","Baseline projections","Person","Total","Total","5 055 599",""
"2060","Austria","Baseline projections","Person","Total","Total","9 293 065",""
"2060","Belgium","Baseline projections","Person","Total","Total","11 865 788",""
"2060","Bulgaria","Baseline projections","Person","Total","Total","5 332 585",""
"2060","Switzerland","Baseline projections","Person","Total","Total","10 319 020",""
"2060","Cyprus","Baseline projections","Person","Total","Total","1 074 126",""
"2060","Czechia","Baseline projections","Person","Total","Total","10 414 088",""
"2060","Germany (until 1990 former territory of the FRG)","Baseline projections","Person","Total","Total","81 842 817",""
"2060","Denmark","Baseline projections","Person","Total","Total","6 122 611",""
"2060","Euro area - 19 countries  (from 2015)","Baseline projections","Person","Total","Total","338 523 647",""
"2060","Estonia","Baseline projections","Person","Total","Total","1 224 839",""
"2060","Greece","Baseline projections","Person","Total","Total","9 038 456",""
"2060","Spain","Baseline projections","Person","Total","Total","48 385 094",""
"2060","European Union - 27 countries (from 2020)","Baseline projections","Person","Total","Total","432 474 413",""
"2060","Finland","Baseline projections","Person","Total","Total","5 150 584",""
"2060","France","Baseline projections","Person","Total","Total","69 680 713",""
"2060","Croatia","Baseline projections","Person","Total","Total","3 195 202",""
"2060","Hungary","Baseline projections","Person","Total","Total","9 117 095",""
"2060","Ireland","Baseline projections","Person","Total","Total","6 398 732",""
"2060","Iceland","Baseline projections","Person","Total","Total","519 819",""
"2060","Italy","Baseline projections","Person","Total","Total","55 989 561",""
"2060","Liechtenstein","Baseline projections","Person","Total","Total","44 184",""
"2060","Lithuania","Baseline projections","Person","Total","Total","1 959 630",""
"2060","Luxembourg","Baseline projections","Person","Total","Total","782 884",""
"2060","Latvia","Baseline projections","Person","Total","Total","1 275 102",""
"2060","Malta","Baseline projections","Person","Total","Total","693 613",""
"2060","Netherlands","Baseline projections","Person","Total","Total","18 014 595",""
"2060","Norway","Baseline projections","Person","Total","Total","6 544 661",""
"2060","Poland","Baseline projections","Person","Total","Total","32 519 968",""
"2060","Portugal","Baseline projections","Person","Total","Total","8 910 843",""
"2060","Romania","Baseline projections","Person","Total","Total","14 540 962",""
"2060","Sweden","Baseline projections","Person","Total","Total","12 708 255",""
"2060","Slovenia","Baseline projections","Person","Total","Total","1 989 404",""
"2060","Slovakia","Baseline projections","Person","Total","Total","4 953 801",""
"2065","Austria","Baseline projections","Person","Total","Total","9 262 385",""
"2065","Belgium","Baseline projections","Person","Total","Total","11 841 493",""
"2065","Bulgaria","Baseline projections","Person","Total","Total","5 182 122",""
"2065","Switzerland","Baseline projections","Person","Total","Total","10 497 572",""
"2065","Cyprus","Baseline projections","Person","Total","Total","1 087 160",""
"2065","Czechia","Baseline projections","Person","Total","Total","10 316 335",""
"2065","Germany (until 1990 former territory of the FRG)","Baseline projections","Person","Total","Total","81 643 599",""
"2065","Denmark","Baseline projections","Person","Total","Total","6 135 199",""
"2065","Euro area - 19 countries  (from 2015)","Baseline projections","Person","Total","Total","335 589 050",""
"2065","Estonia","Baseline projections","Person","Total","Total","1 208 861",""
"2065","Greece","Baseline projections","Person","Total","Total","8 808 147",""
"2065","Spain","Baseline projections","Person","Total","Total","47 728 675",""
"2065","European Union - 27 countries (from 2020)","Baseline projections","Person","Total","Total","428 059 060",""
"2065","Finland","Baseline projections","Person","Total","Total","5 091 285",""
"2065","France","Baseline projections","Person","Total","Total","69 513 952",""
"2065","Croatia","Baseline projections","Person","Total","Total","3 110 857",""
"2065","Hungary","Baseline projections","Person","Total","Total","9 023 553",""
"2065","Ireland","Baseline projections","Person","Total","Total","6 455 703",""
"2065","Iceland","Baseline projections","Person","Total","Total","534 554",""
"2065","Italy","Baseline projections","Person","Total","Total","54 875 845",""
"2065","Liechtenstein","Baseline projections","Person","Total","Total","44 561",""
"2065","Lithuania","Baseline projections","Person","Total","Total","1 886 272",""
"2065","Luxembourg","Baseline projections","Person","Total","Total","785 866",""
"2065","Latvia","Baseline projections","Person","Total","Total","1 224 806",""
"2065","Malta","Baseline projections","Person","Total","Total","702 103",""
"2065","Netherlands","Baseline projections","Person","Total","Total","17 983 158",""
"2065","Norway","Baseline projections","Person","Total","Total","6 628 516",""
"2065","Poland","Baseline projections","Person","Total","Total","31 719 540",""
"2065","Portugal","Baseline projections","Person","Total","Total","8 686 117",""
"2065","Romania","Baseline projections","Person","Total","Total","14 089 550",""
"2065","Sweden","Baseline projections","Person","Total","Total","12 892 854",""
"2065","Slovenia","Baseline projections","Person","Total","Total","1 962 358",""
"2065","Slovakia","Baseline projections","Person","Total","Total","4 841 265",""
"2070","Austria","Baseline projections","Person","Total","Total","9 247 303",""
"2070","Belgium","Baseline projections","Person","Total","Total","11 833 541",""
"2070","Bulgaria","Baseline projections","Person","Total","Total","5 045 851",""
"2070","Switzerland","Baseline projections","Person","Total","Total","10 689 572",""
"2070","Cyprus","Baseline projections","Person","Total","Total","1 098 070",""
"2070","Czechia","Baseline projections","Person","Total","Total","10 213 463",""
"2070","Germany (until 1990 former territory of the FRG)","Baseline projections","Person","Total","Total","81 695 911",""
"2070","Denmark","Baseline projections","Person","Total","Total","6 153 605",""
"2070","Euro area - 19 countries  (from 2015)","Baseline projections","Person","Total","Total","333 325 172",""
"2070","Estonia","Baseline projections","Person","Total","Total","1 193 810",""
"2070","Greece","Baseline projections","Person","Total","Total","8 603 587",""
"2070","Spain","Baseline projections","Person","Total","Total","47 104 113",""
"2070","European Union - 27 countries (from 2020)","Baseline projections","Person","Total","Total","424 343 512",""
"2070","Finland","Baseline projections","Person","Total","Total","5 037 579",""
"2070","France","Baseline projections","Person","Total","Total","69 429 375",""
"2070","Croatia","Baseline projections","Person","Total","Total","3 034 601",""
"2070","Hungary","Baseline projections","Person","Total","Total","8 926 914",""
"2070","Ireland","Baseline projections","Person","Total","Total","6 496 490",""
"2070","Iceland","Baseline projections","Person","Total","Total","548 624",""
"2070","Italy","Baseline projections","Person","Total","Total","53 951 155",""
"2070","Liechtenstein","Baseline projections","Person","Total","Total","45 020",""
"2070","Lithuania","Baseline projections","Person","Total","Total","1 825 897",""
"2070","Luxembourg","Baseline projections","Person","Total","Total","787 429",""
"2070","Latvia","Baseline projections","Person","Total","Total","1 181 968",""
"2070","Malta","Baseline projections","Person","Total","Total","706 915",""
"2070","Netherlands","Baseline projections","Person","Total","Total","17 988 244",""
"2070","Norway","Baseline projections","Person","Total","Total","6 709 767",""
"2070","Poland","Baseline projections","Person","Total","Total","30 890 756",""
"2070","Portugal","Baseline projections","Person","Total","Total","8 481 486",""
"2070","Romania","Baseline projections","Person","Total","Total","13 688 060",""
"2070","Sweden","Baseline projections","Person","Total","Total","13 065 090",""
"2070","Slovenia","Baseline projections","Person","Total","Total","1 938 253",""
"2070","Slovakia","Baseline projections","Person","Total","Total","4 724 046",""
"2075","Austria","Baseline projections","Person","Total","Total","9 241 159",""
"2075","Belgium","Baseline projections","Person","Total","Total","11 835 088",""
"2075","Bulgaria","Baseline projections","Person","Total","Total","4 930 919",""
"2075","Switzerland","Baseline projections","Person","Total","Total","10 891 742",""
"2075","Cyprus","Baseline projections","Person","Total","Total","1 105 861",""
"2075","Czechia","Baseline projections","Person","Total","Total","10 135 219",""
"2075","Germany (until 1990 former territory of the FRG)","Baseline projections","Person","Total","Total","81 860 528",""
"2075","Denmark","Baseline projections","Person","Total","Total","6 176 011",""
"2075","Euro area - 19 countries  (from 2015)","Baseline projections","Person","Total","Total","331 746 604",""
"2075","Estonia","Baseline projections","Person","Total","Total","1 179 861",""
"2075","Greece","Baseline projections","Person","Total","Total","8 440 047",""
"2075","Spain","Baseline projections","Person","Total","Total","46 610 064",""
"2075","European Union - 27 countries (from 2020)","Baseline projections","Person","Total","Total","421 445 188",""
"2075","Finland","Baseline projections","Person","Total","Total","4 981 979",""
"2075","France","Baseline projections","Person","Total","Total","69 415 942",""
"2075","Croatia","Baseline projections","Person","Total","Total","2 966 083",""
"2075","Hungary","Baseline projections","Person","Total","Total","8 846 058",""
"2075","Ireland","Baseline projections","Person","Total","Total","6 527 024",""
"2075","Iceland","Baseline projections","Person","Total","Total","561 859",""
"2075","Italy","Baseline projections","Person","Total","Total","53 274 219",""
"2075","Liechtenstein","Baseline projections","Person","Total","Total","45 568",""
"2075","Lithuania","Baseline projections","Person","Total","Total","1 777 648",""
"2075","Luxembourg","Baseline projections","Person","Total","Total","787 829",""
"2075","Latvia","Baseline projections","Person","Total","Total","1 146 289",""
"2075","Malta","Baseline projections","Person","Total","Total","707 996",""
"2075","Netherlands","Baseline projections","Person","Total","Total","18 010 401",""
"2075","Norway","Baseline projections","Person","Total","Total","6 787 501",""
"2075","Poland","Baseline projections","Person","Total","Total","30 061 943",""
"2075","Portugal","Baseline projections","Person","Total","Total","8 314 061",""
"2075","Romania","Baseline projections","Person","Total","Total","13 359 773",""
"2075","Sweden","Baseline projections","Person","Total","Total","13 222 578",""
"2075","Slovenia","Baseline projections","Person","Total","Total","1 917 972",""
"2075","Slovakia","Baseline projections","Person","Total","Total","4 612 636",""
"2080","Austria","Baseline projections","Person","Total","Total","9 233 330",""
"2080","Belgium","Baseline projections","Person","Total","Total","11 836 508",""
"2080","Bulgaria","Baseline projections","Person","Total","Total","4 841 511",""
"2080","Switzerland","Baseline projections","Person","Total","Total","11 099 320",""
"2080","Cyprus","Baseline projections","Person","Total","Total","1 110 467",""
"2080","Czechia","Baseline projections","Person","Total","Total","10 096 616",""
"2080","Germany (until 1990 former territory of the FRG)","Baseline projections","Person","Total","Total","82 024 654",""
"2080","Denmark","Baseline projections","Person","Total","Total","6 197 237",""
"2080","Euro area - 19 countries  (from 2015)","Baseline projections","Person","Total","Total","330 669 667",""
"2080","Estonia","Baseline projections","Person","Total","Total","1 166 985",""
"2080","Greece","Baseline projections","Person","Total","Total","8 323 658",""
"2080","Spain","Baseline projections","Person","Total","Total","46 298 547",""
"2080","European Union - 27 countries (from 2020)","Baseline projections","Person","Total","Total","419 259 692",""
"2080","Finland","Baseline projections","Person","Total","Total","4 921 741",""
"2080","France","Baseline projections","Person","Total","Total","69 424 614",""
"2080","Croatia","Baseline projections","Person","Total","Total","2 906 946",""
"2080","Hungary","Baseline projections","Person","Total","Total","8 788 851",""
"2080","Ireland","Baseline projections","Person","Total","Total","6 553 563",""
"2080","Iceland","Baseline projections","Person","Total","Total","574 279",""
"2080","Italy","Baseline projections","Person","Total","Total","52 793 198",""
"2080","Liechtenstein","Baseline projections","Person","Total","Total","46 177",""
"2080","Lithuania","Baseline projections","Person","Total","Total","1 738 949",""
"2080","Luxembourg","Baseline projections","Person","Total","Total","787 026",""
"2080","Latvia","Baseline projections","Person","Total","Total","1 117 481",""
"2080","Malta","Baseline projections","Person","Total","Total","705 925",""
"2080","Netherlands","Baseline projections","Person","Total","Total","18 020 249",""
"2080","Norway","Baseline projections","Person","Total","Total","6 855 562",""
"2080","Poland","Baseline projections","Person","Total","Total","29 295 630",""
"2080","Portugal","Baseline projections","Person","Total","Total","8 193 261",""
"2080","Romania","Baseline projections","Person","Total","Total","13 110 335",""
"2080","Sweden","Baseline projections","Person","Total","Total","13 352 899",""
"2080","Slovenia","Baseline projections","Person","Total","Total","1 902 751",""
"2080","Slovakia","Baseline projections","Person","Total","Total","4 516 760",""
"2085","Austria","Baseline projections","Person","Total","Total","9 223 934",""
"2085","Belgium","Baseline projections","Person","Total","Total","11 835 842",""
"2085","Bulgaria","Baseline projections","Person","Total","Total","4 780 227",""
"2085","Switzerland","Baseline projections","Person","Total","Total","11 314 715",""
"2085","Cyprus","Baseline projections","Person","Total","Total","1 112 719",""
"2085","Czechia","Baseline projections","Person","Total","Total","10 092 102",""
"2085","Germany (until 1990 former territory of the FRG)","Baseline projections","Person","Total","Total","82 206 988",""
"2085","Denmark","Baseline projections","Person","Total","Total","6 211 904",""
"2085","Euro area - 19 countries  (from 2015)","Baseline projections","Person","Total","Total","329 951 001",""
"2085","Estonia","Baseline projections","Person","Total","Total","1 156 184",""
"2085","Greece","Baseline projections","Person","Total","Total","8 247 927",""
"2085","Spain","Baseline projections","Person","Total","Total","46 133 205",""
"2085","European Union - 27 countries (from 2020)","Baseline projections","Person","Total","Total","417 692 131",""
"2085","Finland","Baseline projections","Person","Total","Total","4 860 383",""
"2085","France","Baseline projections","Person","Total","Total","69 444 994",""
"2085","Croatia","Baseline projections","Person","Total","Total","2 858 581",""
"2085","Hungary","Baseline projections","Person","Total","Total","8 750 117",""
"2085","Ireland","Baseline projections","Person","Total","Total","6 578 345",""
"2085","Iceland","Baseline projections","Person","Total","Total","586 186",""
"2085","Italy","Baseline projections","Person","Total","Total","52 402 869",""
"2085","Liechtenstein","Baseline projections","Person","Total","Total","46 833",""
"2085","Lithuania","Baseline projections","Person","Total","Total","1 708 535",""
"2085","Luxembourg","Baseline projections","Person","Total","Total","785 407",""
"2085","Latvia","Baseline projections","Person","Total","Total","1 096 480",""
"2085","Malta","Baseline projections","Person","Total","Total","701 660",""
"2085","Netherlands","Baseline projections","Person","Total","Total","18 009 343",""
"2085","Norway","Baseline projections","Person","Total","Total","6 911 209",""
"2085","Poland","Baseline projections","Person","Total","Total","28 657 545",""
"2085","Portugal","Baseline projections","Person","Total","Total","8 110 422",""
"2085","Romania","Baseline projections","Person","Total","Total","12 939 780",""
"2085","Sweden","Baseline projections","Person","Total","Total","13 450 874",""
"2085","Slovenia","Baseline projections","Person","Total","Total","1 893 268",""
"2085","Slovakia","Baseline projections","Person","Total","Total","4 442 496",""
"2090","Austria","Baseline projections","Person","Total","Total","9 219 300",""
"2090","Belgium","Baseline projections","Person","Total","Total","11 836 801",""
"2090","Bulgaria","Baseline projections","Person","Total","Total","4 748 136",""
"2090","Switzerland","Baseline projections","Person","Total","Total","11 542 881",""
"2090","Cyprus","Baseline projections","Person","Total","Total","1 114 031",""
"2090","Czechia","Baseline projections","Person","Total","Total","10 115 533",""
"2090","Germany (until 1990 former territory of the FRG)","Baseline projections","Person","Total","Total","82 460 551",""
"2090","Denmark","Baseline projections","Person","Total","Total","6 221 306",""
"2090","Euro area - 19 countries  (from 2015)","Baseline projections","Person","Total","Total","329 523 283",""
"2090","Estonia","Baseline projections","Person","Total","Total","1 149 320",""
"2090","Greece","Baseline projections","Person","Total","Total","8 198 911",""
"2090","Spain","Baseline projections","Person","Total","Total","46 026 075",""
"2090","European Union - 27 countries (from 2020)","Baseline projections","Person","Total","Total","416 706 966",""
"2090","Finland","Baseline projections","Person","Total","Total","4 803 256",""
"2090","France","Baseline projections","Person","Total","Total","69 501 144",""
"2090","Croatia","Baseline projections","Person","Total","Total","2 820 808",""
"2090","Hungary","Baseline projections","Person","Total","Total","8 724 890",""
"2090","Ireland","Baseline projections","Person","Total","Total","6 598 023",""
"2090","Iceland","Baseline projections","Person","Total","Total","598 061",""
"2090","Italy","Baseline projections","Person","Total","Total","52 042 682",""
"2090","Liechtenstein","Baseline projections","Person","Total","Total","47 576",""
"2090","Lithuania","Baseline projections","Person","Total","Total","1 688 303",""
"2090","Luxembourg","Baseline projections","Person","Total","Total","783 653",""
"2090","Latvia","Baseline projections","Person","Total","Total","1 084 591",""
"2090","Malta","Baseline projections","Person","Total","Total","696 817",""
"2090","Netherlands","Baseline projections","Person","Total","Total","17 988 115",""
"2090","Norway","Baseline projections","Person","Total","Total","6 958 409",""
"2090","Poland","Baseline projections","Person","Total","Total","28 185 373",""
"2090","Portugal","Baseline projections","Person","Total","Total","8 050 731",""
"2090","Romania","Baseline projections","Person","Total","Total","12 838 968",""
"2090","Sweden","Baseline projections","Person","Total","Total","13 528 669",""
"2090","Slovenia","Baseline projections","Person","Total","Total","1 889 004",""
"2090","Slovakia","Baseline projections","Person","Total","Total","4 391 975",""
"2095","Austria","Baseline projections","Person","Total","Total","9 224 015",""
"2095","Belgium","Baseline projections","Person","Total","Total","11 843 931",""
"2095","Bulgaria","Baseline projections","Person","Total","Total","4 738 465",""
"2095","Switzerland","Baseline projections","Person","Total","Total","11 786 166",""
"2095","Cyprus","Baseline projections","Person","Total","Total","1 115 712",""
"2095","Czechia","Baseline projections","Person","Total","Total","10 159 885",""
"2095","Germany (until 1990 former territory of the FRG)","Baseline projections","Person","Total","Total","82 802 989",""
"2095","Denmark","Baseline projections","Person","Total","Total","6 232 099",""
"2095","Euro area - 19 countries  (from 2015)","Baseline projections","Person","Total","Total","329 334 845",""
"2095","Estonia","Baseline projections","Person","Total","Total","1 146 523",""
"2095","Greece","Baseline projections","Person","Total","Total","8 165 189",""
"2095","Spain","Baseline projections","Person","Total","Total","45 917 623",""
"2095","European Union - 27 countries (from 2020)","Baseline projections","Person","Total","Total","416 232 826",""
"2095","Finland","Baseline projections","Person","Total","Total","4 755 036",""
"2095","France","Baseline projections","Person","Total","Total","69 582 477",""
"2095","Croatia","Baseline projections","Person","Total","Total","2 793 176",""
"2095","Hungary","Baseline projections","Person","Total","Total","8 713 625",""
"2095","Ireland","Baseline projections","Person","Total","Total","6 608 821",""
"2095","Iceland","Baseline projections","Person","Total","Total","610 441",""
"2095","Italy","Baseline projections","Person","Total","Total","51 708 538",""
"2095","Liechtenstein","Baseline projections","Person","Total","Total","48 428",""
"2095","Lithuania","Baseline projections","Person","Total","Total","1 679 531",""
"2095","Luxembourg","Baseline projections","Person","Total","Total","782 306",""
"2095","Latvia","Baseline projections","Person","Total","Total","1 080 838",""
"2095","Malta","Baseline projections","Person","Total","Total","692 702",""
"2095","Netherlands","Baseline projections","Person","Total","Total","17 971 254",""
"2095","Norway","Baseline projections","Person","Total","Total","7 003 014",""
"2095","Poland","Baseline projections","Person","Total","Total","27 868 033",""
"2095","Portugal","Baseline projections","Person","Total","Total","8 006 774",""
"2095","Romania","Baseline projections","Person","Total","Total","12 792 287",""
"2095","Sweden","Baseline projections","Person","Total","Total","13 600 411",""
"2095","Slovenia","Baseline projections","Person","Total","Total","1 888 128",""
"2095","Slovakia","Baseline projections","Person","Total","Total","4 362 458",""
"2100","Austria","Baseline projections","Person","Total","Total","9 236 567",""
"2100","Belgium","Baseline projections","Person","Total","Total","11 854 389",""
"2100","Bulgaria","Baseline projections","Person","Total","Total","4 737 768",""
"2100","Switzerland","Baseline projections","Person","Total","Total","12 042 334",""
"2100","Cyprus","Baseline projections","Person","Total","Total","1 118 198",""
"2100","Czechia","Baseline projections","Person","Total","Total","10 207 345",""
"2100","Germany (until 1990 former territory of the FRG)","Baseline projections","Person","Total","Total","83 201 514",""
"2100","Denmark","Baseline projections","Person","Total","Total","6 247 128",""
"2100","Euro area - 19 countries  (from 2015)","Baseline projections","Person","Total","Total","329 296 447",""
"2100","Estonia","Baseline projections","Person","Total","Total","1 145 053",""
"2100","Greece","Baseline projections","Person","Total","Total","8 142 699",""
"2100","Spain","Baseline projections","Person","Total","Total","45 789 061",""
"2100","European Union - 27 countries (from 2020)","Baseline projections","Person","Total","Total","416 074 441",""
"2100","Finland","Baseline projections","Person","Total","Total","4 715 868",""
"2100","France","Baseline projections","Person","Total","Total","69 651 714",""
"2100","Croatia","Baseline projections","Person","Total","Total","2 775 929",""
"2100","Hungary","Baseline projections","Person","Total","Total","8 714 260",""
"2100","Ireland","Baseline projections","Person","Total","Total","6 610 753",""
"2100","Iceland","Baseline projections","Person","Total","Total","623 468",""
"2100","Italy","Baseline projections","Person","Total","Total","51 415 877",""
"2100","Liechtenstein","Baseline projections","Person","Total","Total","49 376",""
"2100","Lithuania","Baseline projections","Person","Total","Total","1 680 055",""
"2100","Luxembourg","Baseline projections","Person","Total","Total","781 193",""
"2100","Latvia","Baseline projections","Person","Total","Total","1 081 686",""
"2100","Malta","Baseline projections","Person","Total","Total","689 359",""
"2100","Netherlands","Baseline projections","Person","Total","Total","17 967 454",""
"2100","Norway","Baseline projections","Person","Total","Total","7 046 899",""
"2100","Poland","Baseline projections","Person","Total","Total","27 655 094",""
"2100","Portugal","Baseline projections","Person","Total","Total","7 980 639",""
"2100","Romania","Baseline projections","Person","Total","Total","12 780 621",""
"2100","Sweden","Baseline projections","Person","Total","Total","13 659 849",""
"2100","Slovenia","Baseline projections","Person","Total","Total","1 888 364",""
"2100","Slovakia","Baseline projections","Person","Total","Total","4 346 004",""
